id,url,source,published,pre-label,header
ct24_31033c5a,https://ct24.ceskatelevize.cz/clanek/svet/vybuch-na-jihu-libanonu-zabil-izraelskeho-vojaka-dalsi-zranil-372538,CT24,2026-04-19,N,"Výbuch na jihu Libanonu zabil izraelského vojáka, další zranil"
ct24_ddf5aba7,https://ct24.ceskatelevize.cz/clanek/domaci/snemovna-by-mohla-zrychlene-projednat-zakon-k-regulaci-cen-pohonnych-hmot-372349,CT24,2026-04-15,N,"Vláda bude zřejmě moci regulovat ceny benzinu a nafty, schválila to sněmovna"
ct24_34de8404,https://ct24.ceskatelevize.cz/clanek/svet/usa-v-iranu-zachranily-letce-ze-sestreleneho-letounu-f-15-372064,CT24,2026-04-05,N,USA v Íránu zachránily letce ze sestřeleného letounu F-15
ct24_9c488eeb,https://ct24.ceskatelevize.cz/clanek/svet/trump-naridil-vyplatit-mzdy-vsem-zamestnancum-ministerstva-vnitrni-bezpecnosti-372045,CT24,2026-04-04,N,Trump nařídil vyplatit mzdy všem zaměstnancům ministerstva vnitřní bezpečnosti
ct24_b4df979f,https://ct24.ceskatelevize.cz/clanek/domaci/ve-ctyrech-obcich-si-lide-zvolili-nova-zastupitelstva-371823,CT24,2026-03-29,N,Ve čtyřech obcích si lidé zvolili nová zastupitelstva
ct24_5be69d73,https://ct24.ceskatelevize.cz/clanek/domaci/olomoucky-soud-vynesl-v-kauze-it-zakazek-znovu-zprostujici-rozsudek-371738,CT24,2026-03-26,N,Olomoucký soud vynesl v kauze IT zakázek znovu zprošťující rozsudek
ct24_cac2da60,https://ct24.ceskatelevize.cz/clanek/svet/v-londyne-horely-ctyri-sanitky-policie-to-vysetruje-jako-antisemitsky-trestny-cin-371589,CT24,2026-03-23,N,V Londýně hořely čtyři sanitky. Policie to vyšetřuje jako antisemitský trestný čin
ct24_0b31368f,https://ct24.ceskatelevize.cz/clanek/kultura/zemrela-ceska-bardotka-jana-brejchova-112118,CT24,2026-02-07,N,Zemřela „česká Bardotka“ Jana Brejchová
ct24_476e17e3,https://ct24.ceskatelevize.cz/clanek/regiony/po-kritice-se-zmeni-zpusob-vymeny-svitidel-v-praze-mapa-ukazuje-jejich-rozmisteni-369250,CT24,2026-02-16,N,Po kritice se změní způsob výměny svítidel v Praze. Mapa ukazuje jejich rozmístění
ct24_d68dfa37,https://ct24.ceskatelevize.cz/clanek/domaci/cesi-pomahaji-s-generatory-pro-ukrajinu-369789,CT24,2026-01-29,N,Češi pomáhají s generátory pro Ukrajinu
ct24_462deb25,https://ct24.ceskatelevize.cz/clanek/domaci/za-vrazdu-frantiska-mrazka-uz-trest-nepadne-je-promlcena-369636,CT24,2026-01-25,N,Vražda Františka Mrázka je po dvaceti letech promlčená. Pachatel zůstává neznámý
ct24_a1b0c998,https://ct24.ceskatelevize.cz/clanek/svet/po-vybuchu-ve-svycarskem-lyzarskem-stredisku-je-nekolik-mrtvych-uvedla-policie-368794,CT24,2026-01-02,N,Při požáru ve švýcarském lyžařském středisku zemřely desítky lidí
ct24_4b3c6c58,https://ct24.ceskatelevize.cz/clanek/domaci/soud-poslal-zapasnika-vemolu-do-vazby-368627,CT24,2025-12-25,N,Soud poslal zápasníka Vémolu a další dva obviněné do vazby
ct24_6372c20b,https://ct24.ceskatelevize.cz/clanek/svet/polsky-student-katolicke-univerzity-chystal-utok-na-vanocni-trh-uvedly-urady-368354,CT24,2025-12-16,N,"Polský student katolické univerzity chystal útok na vánoční trh, uvedly úřady"
ct24_7cfa270c,https://ct24.ceskatelevize.cz/clanek/domaci/ministri-za-spd-budou-v-neustalem-kontaktu-s-vedenim-hnuti-rika-dolezal-368323,CT24,2025-12-16,N,"Ministři za SPD budou v neustálém kontaktu s vedením hnutí, říká Doležal"
ct24_bf33d3bc,https://ct24.ceskatelevize.cz/clanek/regiony/karlovarsky-kraj/na-hejtmana-karlovarskeho-kraje-navrhl-klub-ano-kubise-367236,CT24,2025-11-15,N,Na hejtmana Karlovarského kraje navrhl klub ANO Kubise
ct24_637a4b8f,https://ct24.ceskatelevize.cz/clanek/svet/ukrajina-opet-zautocila-na-rusky-pristav-tuapse-367028,CT24,2026-02-25,N,Ukrajina opět zaútočila na ruský přístav Tuapse
ct24_96dc81f5,https://ct24.ceskatelevize.cz/clanek/svet/soud-poslal-rappera-diddyho-na-ctyri-roky-do-vezeni-365711,CT24,2025-10-04,N,Soud poslal rappera „Diddyho“ na čtyři roky do vězení
ct24_7f11f795,https://ct24.ceskatelevize.cz/clanek/domaci/nektere-vysoke-skoly-nabizeji-druhe-kolo-prijimacek-az-do-poloviny-zari-364484,CT24,2025-08-29,N,Některé vysoké školy nabízejí druhé kolo přijímaček až do poloviny září
ct24_32af57e7,https://ct24.ceskatelevize.cz/clanek/domaci/v-polsku-nalezli-pozustatky-cecha-utonuleho-pri-lonskych-zaplavach-364359,CT24,2025-08-25,N,V Polsku nalezli pozůstatky Čecha utonulého při loňských záplavách
ct24_75e5906b,https://ct24.ceskatelevize.cz/clanek/regiony/falesny-policista-a-banker-vylakali-miliony-z-muzea-mladoboleslavska-364234,CT24,2025-08-21,N,Falešný policista a bankéř vylákali miliony z Muzea Mladoboleslavska
ct24_13b611a6,https://ct24.ceskatelevize.cz/clanek/svet/rusko-a-usa-se-dohodly-na-setkani-trumpa-s-putinem-rekl-poradce-kremlu-363787,CT24,2025-08-07,N,"Rusko a USA se dohodly na setkání Trumpa s Putinem, řekl poradce Kremlu"
ct24_526ea668,https://ct24.ceskatelevize.cz/clanek/veda/deti-ve-mestech-dychaji-az-o-pet-stupnu-teplejsi-vzduch-nez-dospeli-ukazuji-mereni-363670,CT24,2025-08-04,N,"Děti ve městech dýchají až o pět stupňů teplejší vzduch než dospělí, ukazují měření"
ct24_9921aec1,https://ct24.ceskatelevize.cz/clanek/domaci/soud-prerusil-stihani-v-kauze-zakazky-na-dezinfekci-fotbalovych-stadionu-363214,CT24,2025-07-23,N,Soud přerušil stíhání v kauze zakázky na dezinfekci fotbalových stadionů
ct24_89f1efe6,https://ct24.ceskatelevize.cz/clanek/svet/povinne-registrace-na-cestu-do-britanie-budou-otevrene-od-stredy-358652,CT24,2025-03-04,N,Povinné registrace na cestu do Británie budou otevřené od středy
ct24_77d94069,https://ct24.ceskatelevize.cz/clanek/svet/microsoft-v-kvetnu-ukonci-sluzbu-skype-358556,CT24,2025-02-28,N,Microsoft v květnu ukončí službu Skype
ct24_bc23256d,https://ct24.ceskatelevize.cz/clanek/regiony/kvuli-kaceni-stromu-nejezdi-vlaky-na-hlavni-trati-z-hradce-kralove-na-prahu-357960,CT24,2025-02-10,N,Kvůli kácení stromů nejezdí vlaky na hlavní trati z Hradce Králové na Prahu
ct24_f601d41e,https://ct24.ceskatelevize.cz/clanek/ekonomika/cnb-snizila-zakladni-urokovou-sazbu-o-ctvrt-procentniho-bodu-357845,CT24,2025-02-06,N,ČNB snížila základní úrokovou sazbu o čtvrt procentního bodu
ct24_7bb67161,https://ct24.ceskatelevize.cz/clanek/regiony/skoda-predstavila-prvni-tramvaj-52t-pro-prahu-357487,CT24,2025-01-27,N,Škoda představila první tramvaj 52T pro Prahu
ct24_63c4fe60,https://ct24.ceskatelevize.cz/clanek/svet/sedmy-zkusebni-let-lodi-starship-skoncil-neuspechem-357183,CT24,2025-01-17,N,Sedmý zkušební let lodi Starship skončil neúspěchem
irozhlas_8e2fcfdd,https://www.irozhlas.cz/zpravy-domov/ruseni-nocniho-klidu-potycky-a-domaci-nasili-policiste-eviduji-behem-silvestra_2501010948_pik,iRozhlas,2025-01-01,N,"Rušení nočního klidu, potyčky a domácí násilí. Policisté evidují během Silvestra tři tisíce zásahů"
irozhlas_a355e24d,https://www.irozhlas.cz/zpravy-domov/na-kladensku-se-srazily-dva-autobusy-cestovalo-v-nich-pres-40-lidi-tri-zranene_2501072128_epo,iRozhlas,2025-01-07,N,"Na Kladensku se srazily dva autobusy. Cestovalo v nich přes 40 lidí, tři zraněné převezli do nemocnice"
irozhlas_a5a45747,https://www.irozhlas.cz/sport/ostatni-sporty/neskutecna-divocina-plna-zajimavych-veci-michek-je-po-dakarovem-prologu-dvanacty_2501031448_job,iRozhlas,2025-01-03,N,"‚Neskutečná divočina plná zajímavých věcí.’ Michek je po dakarovém prologu dvanáctý, Macík dojel třetí"
irozhlas_b6678b24,https://www.irozhlas.cz/zpravy-svet/pocet-obeti-po-padu-strechy-nocniho-klubu-v-santu-domingu-stoupl-na-184-dalsich_2504100725_jar,iRozhlas,2025-04-10,N,Počet obětí po pádu střechy nočního klubu v Santu Domingu stoupl na 218. Dalších 500 lidí je zraněných
irozhlas_9f15b179,https://www.irozhlas.cz/zpravy-domov/diky-temto-akcim-si-pripominame-dulezitost-miru-a-svobody-cesko-slavi-vyroci_2505080914_job,iRozhlas,2025-05-08,N,‚Díky těmto akcím si připomínáme důležitost míru a svobody.‘ Česko slaví výročí konce druhé světové války
irozhlas_aa814e91,https://www.irozhlas.cz/sport/ostatni-sporty/tereza-bodnarova-judo-mistrovstvi-sveta_2506141650_krn,iRozhlas,2025-06-14,N,Judistka Bodnárová jen těsně nestačila na úřadující mistryni světa. Teď sní o olympiádě v Los Angeles
irozhlas_2566faf4,https://www.irozhlas.cz/sport/tenis/v-petactyriceti-dalsi-vyhra-williamsova-se-po-vice-nez-rocni-pauze-vratila-k_2507220744_fso,iRozhlas,2025-07-22,N,V pětačtyřiceti další výhra. Williamsová se po více než roční pauze vrátila k tenisu vítězstvím v deblu
irozhlas_431852a3,https://www.irozhlas.cz/veda-technologie/technologie/jak-se-ridi-vozidlo-bez-oken-i-periskopu-vedci-z-brna-vyvinuli-system-na_2509012350_jho,iRozhlas,2025-09-01,N,Jak se řídí vozidlo bez oken i periskopu? Vědci z Brna vyvinuli systém na principu rozšířené reality
irozhlas_5238d918,https://www.irozhlas.cz/zpravy-domov/obec-huntirov-zkousi-novy-usekovy-radar-prestupky-prejdou-pod-agendu-mesta_2509151536_jho,iRozhlas,2025-09-15,N,Obec Huntířov zkouší nový úsekový radar. Přestupky přejdou pod agendu města Děčína
irozhlas_be3e2173,https://www.irozhlas.cz/zpravy-domov/policie-navrhla-obzalovat-mladistveho-z-vrazdy-dvou-zen-v-hradci-kralove-hrozi_2509180952_kma,iRozhlas,2025-09-18,N,Policie navrhla obžalovat mladistvého z vraždy dvou žen v Hradci Králové. Hrozí mu deset let za mřížemi
irozhlas_4d2faa3b,https://www.irozhlas.cz/sport/hokej/hokej-vozenilek-zraneni-zlomenina-nohy_2510022158_lbk,iRozhlas,2025-10-02,N,Voženílek bude šest až osm týdnů bez hokeje. Útočník Zugu má po zásahu pukem zlomenou kost v noze
irozhlas_1a21ea73,https://www.irozhlas.cz/zpravy-domov/soud-poslal-do-vazby-pacienta-bohnicke-lecebny-ve-stredu-z-ni-opet-utekl_2510231714_dci,iRozhlas,2025-10-23,N,Soud poslal do vazby pacienta bohnické léčebny. Ve středu z ní opět utekl
irozhlas_283828f1,https://www.irozhlas.cz/zpravy-domov/letecka-sluzba-policie-letos-slavi-90-let-nonstop-slouzi-v-praze-a-brne-rozsirit_2510262118_mst,iRozhlas,2025-10-26,N,"Letecká služba policie letos slaví 90 let. Nonstop slouží v Praze a Brně, rozšířit se má i do Ostravy"
irozhlas_2cdf1900,https://www.irozhlas.cz/zpravy-domov/tomio-okamura-byl-ano-spd-a-motoristy-nominovan-do-cela-snemovny-program-koalice_2510291414_cen,iRozhlas,2025-10-29,N,"Tomio Okamura byl ANO, SPD a Motoristy nominován do čela Sněmovny. Program koalice je hotový"
irozhlas_e2d7e22c,https://www.irozhlas.cz/zivotni-styl/spolecnost/vysoke-pece-v-ostrave-obsadili-archeologove-vykopy-tu-mozna-uvidi-jeste_2510300600_jkd,iRozhlas,2025-10-30,N,"Vysoké pece v Ostravě obsadili archeologové. ‚Výkopy tu možná uvidí ještě návštěvníci festivalů,‘ nevylučují"
irozhlas_8b6f6a8c,https://www.irozhlas.cz/veda-technologie/umelou-inteligenci-na-cvut-vyuzijeme-ke-zjednoduseni-vyuky-i-administrativy-rika_2510302005_epo,iRozhlas,2025-10-30,N,"Umělou inteligenci na ČVUT využijeme ke zjednodušení výuky i administrativy, říká nový rektor"
irozhlas_94b8f510,https://www.irozhlas.cz/veda-technologie/historie/jak-vznikala-daytonska-dohoda-uvnitr-zakladny-kde-se-psaly-dejiny-bosny_2511211625_elev,iRozhlas,2025-11-21,N,"Jak vznikala daytonská dohoda: uvnitř základny, kde se psaly dějiny Bosny"
irozhlas_440951ab,https://www.irozhlas.cz/kultura/divadlo/vlastnici-se-predstavi-na-domacich-prknech-uvede-je-horacke-divadlo-jihlava_2512130855_dci,iRozhlas,2025-12-13,N,Vlastníci se představí v činoherní podobě. Uvede je Horácké divadlo Jihlava
irozhlas_6d189923,https://www.irozhlas.cz/ekonomika/pri-navraceni-nechtenych-darku-plati-omezeni-zalezi-napriklad-kde-byl-koupen_2512291631_vsn,iRozhlas,2025-12-29,N,"Při navrácení nechtěných dárků platí omezení. Záleží například, kde byl koupen"
irozhlas_4b6b3655,https://www.irozhlas.cz/kultura/do-kulturniho-domu-slavie-zavitali-prvni-navstevnici-prestavba-ceskym_2512300710_jho,iRozhlas,2025-12-30,N,Do Kulturního domu Slavie zavítali první návštěvníci. Přestavba Českým Budějovicím trvala dva a půl roku
irozhlas_e80ce36c,https://www.irozhlas.cz/zpravy-svet/cinske-manevry-u-tchaj-wanu-pokracuji-vojenske-lode-ale-uz-podle-pobrezni-straze_2512310818_ako,iRozhlas,2025-12-31,N,Čínské manévry u Tchaj-wanu pokračují. Vojenské lodě ale už podle pobřežní stráže odplouvají
irozhlas_700a49c0,https://www.irozhlas.cz/zpravy-domov/na-prohlidky-prazskeho-hradu-prislo-v-roce-2025-rekordnich-27-milionu-lidi_2601072231_cen,iRozhlas,2026-01-07,N,"Na prohlídky Pražského hradu přišlo v roce 2025 rekordních 2,7 milionu lidí"
irozhlas_b52e6c18,https://www.irozhlas.cz/zpravy-domov/chtela-jsem-vedet-jak-funguji-ostatni-sporty-na-svetaku-ve-spindlu-pomaha-celkem_2601251155_vsn,iRozhlas,2026-01-25,N,"‚Chtěla jsem vědět, jak fungují ostatní sporty.‘ Na ‚svěťáku‘ ve Špindlu pomáhá celkem 220 nadšenců"
irozhlas_f8ed6721,https://www.irozhlas.cz/zpravy-domov/60-milionu-za-volnocasovy-areal-da-frydek-mistek-zabavi-deti-i-dospele-hotovy_2602132028_vaa,iRozhlas,2026-02-13,N,"60 milionů za volnočasový areál dá Frýdek-Místek. Zabaví děti i dospělé, hotový bude v květnu"
irozhlas_7e3789f8,https://www.irozhlas.cz/zpravy-domov/zachranari-nasli-v-dalesicke-prehrade-telo-policejniho-potapece-ztratil-se-pri_2602241417_mst,iRozhlas,2026-02-24,N,Záchranáři našli v Dalešické přehradě tělo policejního potápěče. Ztratil se při výcviku v pondělí
irozhlas_5f7bc5f3,https://www.irozhlas.cz/zpravy-domov/zodpovedne-rozhodnuti-reditelka-skoly-v-humpolci-rezignovala-drive-odeslo-19_2603021007_vsn,iRozhlas,2026-03-02,N,"‚Zodpovědné rozhodnutí.‘ Ředitelka školy v Humpolci rezignovala, dříve odešlo 19 učitelů"
irozhlas_25c7488a,https://www.irozhlas.cz/zpravy-domov/pozemky-pro-zrizeni-rezervace-pro-zubry-v-doupovskych-horach-ma-sanci-ziskat_2603070535_mkm,iRozhlas,2026-03-07,N,Pozemky pro zřízení rezervace pro zubry v Doupovských horách má šanci získat Česká krajina
irozhlas_87e473b7,https://www.irozhlas.cz/zpravy-domov/obcanky-bez-omezeni-konci-v-srpnu-nejstarsi-obcanske-prukazy-vlastni-az-10-tisic_2603261253_aha,iRozhlas,2026-03-26,N,Občanky ‚bez omezení‘ končí v srpnu. Nejstarší občanské průkazy vlastní až deset tisíc lidí
irozhlas_21c49139,https://www.irozhlas.cz/zpravy-domov/plan-obchvatu-havlickova-brodu-prosel-zastupitelstvem-ocekavaji-se-spory-s_2604150505_dci,iRozhlas,2026-04-15,N,Plán obchvatu Havlíčkova Brodu prošel přes zastupitele. Očekávají se spory s blízkými obcemi
irozhlas_772792bb,https://www.irozhlas.cz/zivotni-styl/spolecnost/osmnactilety-jonas-zbehl-od-stavebnich-vykresu-k-remeslu-uci-se-na-montera_2604161905_jkd,iRozhlas,2026-04-16,N,Osmnáctiletý Jonáš zběhl od stavebních výkresů k řemeslu. Učí se na montéra suchých staveb
seznam_6c6982f5,https://www.seznamzpravy.cz/clanek/magazin-architektura-vyroci-vily-tugendhat-i-jejiho-autora-pripomente-si-cim-dum-ohromuje-svet-304218,SeznamZpravy,2026-04-19,N,"Výročí vily Tugendhat i jejího autora. Připomeňte si, čim dům ohromuje svět"
seznam_a9bad9ab,https://www.seznamzpravy.cz/clanek/kultura-zemrel-boris-jirku-297343,SeznamZpravy,2026-01-26,N,Ilustroval Sto roků samoty nebo Mistra a Markétku. Zemřel Boris Jirků
seznam_175e20f7,https://www.seznamzpravy.cz/clanek/zahranicni-donald-trump-zvazuje-vyslani-zastupcu-na-evropske-jednani-o-ukrajine-293947,SeznamZpravy,2025-12-12,N,Donald Trump zvažuje vyslání zástupců na evropské jednání o Ukrajině
seznam_7a9e3969,https://www.seznamzpravy.cz/clanek/magazin-vanoce-darky-tipy-knihy-deti-292271,SeznamZpravy,2025-11-26,N,"Vánoční tipy na dětské knihy: Alice Oseman nezklame, číst můžou i o undergroundu"
seznam_d4a8262a,https://www.seznamzpravy.cz/clanek/zahranicni-zastupci-usa-a-ciny-se-shodli-na-ramci-obchodni-dohody-290143,SeznamZpravy,2025-10-26,N,Zástupci USA a Číny se shodli na rámci obchodní dohody
seznam_316b10cf,https://www.seznamzpravy.cz/clanek/sport-sparta-v-dohravanem-utkani-podlehla-rijece-0-1-290062,SeznamZpravy,2025-10-24,N,Sparta v dohrávaném utkání podlehla Rijece 0:1
seznam_d082117a,https://www.seznamzpravy.cz/clanek/domaci-politika-vlada-jmenovala-reditelem-digitalni-agentury-zastupce-reditele-petra-kuchare-289858,SeznamZpravy,2025-10-22,N,Vláda jmenovala ředitelem digitální agentury zástupce ředitele Petra Kuchaře
seznam_c8879829,https://www.seznamzpravy.cz/clanek/zahranicni-lano-ktere-zpusobilo-tragedii-lanovky-v-lisabonu-nesplnovalo-normu-289709,SeznamZpravy,2025-10-20,N,"Lano, které způsobilo tragédii lanovky v Lisabonu, nesplňovalo normu"
seznam_b1101688,https://www.seznamzpravy.cz/clanek/zahranicni-apple-vyzval-eu-ke-zruseni-zakona-o-digitalnich-sluzbach-286960,SeznamZpravy,2025-09-25,N,Apple vyzval EU ke zrušení zákona o digitálních trzích
seznam_a9cec84c,https://www.seznamzpravy.cz/clanek/zahranicni-biden-podstoupil-operaci-odstranili-mu-rakovinne-bunky-z-kuze-285402,SeznamZpravy,2025-09-05,N,"Bidena operovali, odstranili mu rakovinné buňky z kůže"
seznam_5100ae1e,https://www.seznamzpravy.cz/clanek/zahranicni-privalove-povodne-v-pakistanu-si-vyzadaly-nejmene-49-obeti-uvadeji-urady-283895,SeznamZpravy,2025-08-15,N,Přívalové povodně v Pákistánu a Indii si vyžádaly přes 200 obětí
seznam_8b1b47de,https://www.seznamzpravy.cz/clanek/magazin-architektura-slavne-vily-praha-bubenec-281369,SeznamZpravy,2025-07-26,N,První luxusní vilová čtvrť v zemi. Takhle před 130 lety bydlela elita
seznam_7cc61edc,https://www.seznamzpravy.cz/clanek/zahranicni-ve-vietnamu-se-potopila-turisticka-lod-nejmene-tri-lide-zemreli-282217,SeznamZpravy,2025-07-19,N,"Ve Vietnamu se potopila turistická loď, nejméně 34 lidí zemřelo"
seznam_5bf46414,https://www.seznamzpravy.cz/clanek/ekonomika-finance-rozpocet-mel-v-pololeti-schodek-pres-152-miliard-nejnizsi-od-pandemie-280652,SeznamZpravy,2025-07-01,N,Rozpočet měl v pololetí schodek přes 152 miliard. Nejnižší od pandemie
seznam_453c7c30,https://www.seznamzpravy.cz/clanek/domaci-zivot-v-cesku-policie-obvinila-sedm-lidi-pro-ovlivnovani-dopravnich-prestupku-280277,SeznamZpravy,2025-06-25,N,Policie obvinila sedm lidí pro ovlivňování dopravních přestupků
seznam_3fb61b32,https://www.seznamzpravy.cz/clanek/domaci-politika-novotny-rezignoval-na-post-starosty-prazskych-reporyji-279323,SeznamZpravy,2025-06-16,N,Novotný rezignoval na post starosty pražských Řeporyjí
seznam_8dfac490,https://www.seznamzpravy.cz/clanek/domaci-politika-blazek-podal-demisi-niceho-nezakonneho-si-ale-vedom-nejsem-uvedl-277973,SeznamZpravy,2025-05-30,N,"Blažek rezignuje na post ministra. Nečekal jsem to, řekl Skopeček"
seznam_23bac966,https://www.seznamzpravy.cz/clanek/zahranicni-hamas-souhlasil-s-primerim-ktere-navrhli-americane-propusti-deset-rukojmich-277581,SeznamZpravy,2025-05-26,N,"Hamás uvedl, že souhlasí s návrhem USA na příměří, Izrael to zpochybnil"
seznam_699b6774,https://www.seznamzpravy.cz/clanek/domaci-zivot-v-cesku-veterinari-dostanou-na-odmenach-skoro-7-milionu-i-za-nasazeni-pri-slintavce-276411,SeznamZpravy,2025-05-12,N,"Veterináři dostanou na odměnách skoro sedm milionů, i za nasazení při slintavce"
seznam_727dfa6b,https://www.seznamzpravy.cz/clanek/zahranicni-v-nemecku-se-dohodli-na-vlade-273846,SeznamZpravy,2025-04-09,N,V Německu se dohodli na vládě. Zemi povede CDU/CSU se sociální demokracií
novinky_5d92f1d1,https://www.novinky.cz/clanek/zahranicni-evropa-odstupte-do-konce-kvetna-z-funkci-vyzval-magyar-prezidenta-a-predni-soudce-40574446,Novinky,2026-04-20,N,"Odstupte z funkcí, nebo vás odvoláme, vyzval Magyar prezidenta a přední soudce"
novinky_3a95f3b9,https://www.novinky.cz/clanek/krimi-taxikar-vozil-pasazery-po-jablonci-i-presto-ze-mel-zakaz-rizeni-40573715,Novinky,2026-04-16,N,"Taxikář vozil pasažéry po Jablonci i přesto, že měl zákaz řízení"
novinky_93334548,https://www.novinky.cz/clanek/krimi-pripad-ctyr-mrtvych-vlku-na-jesenicku-policie-odlozila-40566153,Novinky,2026-03-06,N,Případ čtyř mrtvých vlků na Jesenicku policie odložila
novinky_a2d921e9,https://www.novinky.cz/clanek/domaci-ve-skolach-by-se-melo-uplatnovat-slovni-hodnoceni-v-kombinaci-se-znamkami-rekl-plaga-40560185,Novinky,2026-01-29,N,"Ve školách by se mělo uplatňovat slovní hodnocení v kombinaci se známkami, řekl Plaga"
novinky_d07423d4,https://www.novinky.cz/clanek/koktejl-nejstarsi-snehova-koule-slavi-50-let-american-ji-skladuje-v-mrazaku-40559705,Novinky,2026-01-29,N,Nejstarší sněhová koule slaví 50 let. Američan ji skladuje v mrazáku
novinky_610ed958,https://www.novinky.cz/clanek/krimi-metro-b-stoji-kvuli-vypadku-proudu-40555816,Novinky,2026-01-03,N,Metro B stálo kvůli výpadku proudu
novinky_8dce9d6d,https://www.novinky.cz/clanek/krimi-devatenactileteho-ridice-museli-vyprostovat-po-smyku-se-srazil-s-autobusem-u-berouna-40552003,Novinky,2025-12-04,N,Devatenáctiletého řidiče museli vyprošťovat. Po smyku se srazil s autobusem u Berouna
novinky_81c05e35,https://www.novinky.cz/clanek/internet-a-pc-hry-a-herni-systemy-gta-6-se-odklada-uz-ponekolikate-40547740,Novinky,2025-11-07,N,GTA 6 se odkládá. Už poněkolikáté
novinky_5858ca81,https://www.novinky.cz/clanek/domaci-konecna-oznamila-ze-se-leci-s-vaznou-nemoci-40545024,Novinky,2025-10-21,N,"Konečná oznámila, že se léčí s roztroušenou sklerózou"
novinky_fd75160f,https://www.novinky.cz/clanek/krimi-mohutny-pozar-znicil-autodilnu-v-klimkovicich-zranil-se-hasic-40540763,Novinky,2025-09-26,N,"Mohutný požár zničil autodílnu v Klimkovicích, zranil se hasič"
novinky_0bb95ac2,https://www.novinky.cz/clanek/auto-cupra-se-odvazala-koncept-tindaya-ma-neprehlednutelny-design-40537872,Novinky,2025-09-09,N,"Cupra se odvázala, koncept Tindaya má nepřehlédnutelný design"
novinky_ebd06af4,https://www.novinky.cz/clanek/kultura-taylor-swift-oznamila-zasnoubeni-40535868,Novinky,2025-08-26,N,Taylor Swift oznámila zasnoubení
novinky_55fd5df6,https://www.novinky.cz/clanek/koktejl-rumunsky-ucitel-bojuje-proti-diskriminaci-romu-pisnemi-elvise-presleyho-40533748,Novinky,2025-08-11,N,Rumunský učitel bojuje proti diskriminaci Romů písněmi Elvise Presleyho
novinky_1852d149,https://www.novinky.cz/clanek/krimi-na-litomericku-zahynul-v-prevracenem-aute-ridic-objevil-ho-kolemjdouci-40526461,Novinky,2025-06-18,N,"Na Litoměřicku zahynul v převráceném autě řidič, objevil ho kolemjdoucí"
novinky_4cc3a206,https://www.novinky.cz/clanek/kultura-knihy-spisovatelka-sam-holland-chtela-jsem-psat-neco-temneho-40522261,Novinky,2025-05-30,N,Spisovatelka Sam Holland: Chtěla jsem psát něco temného
novinky_b8e9dcec,https://www.novinky.cz/clanek/zahranicni-rusko-zadrzelo-recky-tanker-ktery-miril-z-estonska-do-nizozemska-40521678,Novinky,2025-05-18,N,Rusko zadrželo řecký tanker plující z Estonska do Nizozemska
novinky_2975af7d,https://www.novinky.cz/clanek/domaci-prezident-pavel-poblahopral-novemu-papezi-40520492,Novinky,2025-05-09,N,Prezident Pavel poblahopřál novému papeži
novinky_5654ec8b,https://www.novinky.cz/clanek/krimi-paraglidista-se-na-taborsku-zranil-hned-pri-startu-40518110,Novinky,2025-04-21,N,Paraglidista se na Táborsku zranil hned při startu
novinky_f378db8e,https://www.novinky.cz/clanek/zahranicni-svet-strelba-na-kohoutich-zapasech-v-ekvadoru-zemrelo-11-lidi-40517992,Novinky,2025-04-18,N,"Střelba na kohoutích zápasech v Ekvádoru, zemřelo 11 lidí"
novinky_07ea0543,https://www.novinky.cz/clanek/kultura-hudba-prazske-jaro-nabidne-svetove-premiery-40513643,Novinky,2025-03-27,N,Pražské jaro nabídne světové premiéry
cnnprima_d65cc30f,https://cnn.iprima.cz/opily-ridic-na-kralovehradecku-zbesile-ujizdel-policii-ukazuji-zabery-nepomohla-ani-strelba-510016,CNNPrima,2026-04-21,N,"Zběsilá honička u Hradce: Opilec se nelekl ani střelby, ujížděl policii přes zorané pole"
cnnprima_ddd1ba85,https://cnn.iprima.cz/baraz-o-ms-cesko-irsko-507876,CNNPrima,2026-03-26,N,"Sen o MS žije! České fotbalisty v baráži vzkřísil Krejčí, hrdina Kovář zachránil penalty"
cnnprima_59878c35,https://cnn.iprima.cz/zemrela-marie-voriskova-507189,CNNPrima,2026-03-19,N,"Zemřela významná dětská kardioložka Voříšková. Vybudovala unikátní systém, smutní Motol"
cnnprima_719c4b04,https://cnn.iprima.cz/srazka-cisterny-s-dodavkou-na-plzensku-d5-je-smerem-do-prahy-neprujezdna-501776,CNNPrima,2026-01-18,N,Vážná nehoda na Plzeňsku: Srážka cisterny s dodávkou si vyžádala zraněné. Provoz na D5 stojí
cnnprima_978159b9,https://cnn.iprima.cz/zacina-dvoudenni-vyluka-prazskeho-metra-501687,CNNPrima,2026-01-17,N,Dva dny nepojede na vytíženém úseku na trase B metro. Finišují práce na stanici u O2 arény
cnnprima_98a2e577,https://cnn.iprima.cz/hasici-zachranovali-osobu-ktera-v-tremosne-spadla-na-strechu-pouzili-vyskovou-techniku-501571,CNNPrima,2026-01-16,N,"Drama v Třemošné: Z paneláku na střechu kotelny spadl člověk, hasiči vyslali záchrannou vanu"
cnnprima_042dbf95,https://cnn.iprima.cz/francouzsky-exprezident-nicolas-sarkozy-nastoupil-do-vezeni-odpykat-si-ma-petilety-trest-489339,CNNPrima,2025-10-21,N,Francouzský exprezident Sarkozy nastoupil do vězení. „Vítej!“ křičeli na něj odsouzení
cnnprima_d87a13d5,https://cnn.iprima.cz/vazna-dopravni-nehoda-na-kladensku-mely-se-stretnout-dve-nakladni-auta-na-miste-je-mrtvy-489267,CNNPrima,2025-10-20,N,Čelní srážka náklaďáků na Kladensku si vyžádala lidský život
cnnprima_4dae96fe,https://cnn.iprima.cz/urazeli-a-surove-bili-sveho-spoluzaka-stredoskolakum-z-bruntalska-hrozi-az-petilete-vezeni-489241,CNNPrima,2025-10-20,N,Středoškoláci surově zbili a oloupili spolužáka. Hrozí jim pět let vězení
cnnprima_a61af750,https://cnn.iprima.cz/revoluce-ve-skolni-jidelne-ve-zline-maji-finsky-bufet-zbytku-je-mnohem-mene-pochvaluje-si-reditel-488691,CNNPrima,2025-10-14,N,"Revoluce ve školní jídelně: Ve Zlíně mají finský bufet. Zbytků je mnohem méně, říká ředitel"
cnnprima_3b87a1d8,https://cnn.iprima.cz/smrtelna-nehoda-motorkare-v-kunraticich-486329,CNNPrima,2025-09-21,N,"Smrtelná nehoda motorkáře v Kunraticích: Zemřel po srážce s traktorem, policie nařídila pitvu"
cnnprima_cd10e724,https://cnn.iprima.cz/mladici-okradli-seniora-v-zatci-za-bileho-dne-policie-je-uz-dopadla-485551,CNNPrima,2025-09-12,N,"Mladíci okradli seniora v Žatci za bílého dne, ukazuje video. Policisté je dopadli u nich doma"
cnnprima_1554012f,https://cnn.iprima.cz/metro-na-namesti-republiky-srazilo-cloveka-je-zaklinen-pod-vozem-provoz-na-lince-b-stoji-482140,CNNPrima,2025-08-05,N,"Pád člověka do kolejiště pražského metra: Žena byla zaklíněna pod soupravou, provoz stál"
cnnprima_cfc14bf4,https://cnn.iprima.cz/hruza-na-oblibene-atrakci-10leta-divka-je-ve-vaznem-stavu-481828,CNNPrima,2025-08-01,N,"Hrůzná nehoda na bobové dráze: Desetiletou holčičku srazil vozík, je vážně zraněná"
cnnprima_18451aea,https://cnn.iprima.cz/pres-noc-multimilionarem-stastny-vyherce-trefil-kralovsky-jackpot-480160,CNNPrima,2025-07-14,N,"Přes noc multimilionářem. Výherce trefil královský jackpot, los ho vyšel na pakatel"
cnnprima_08d668ba,https://cnn.iprima.cz/chorvatska-policie-stale-patra-po-zrejme-mrtvem-cechovi-478674,CNNPrima,2025-06-26,N,Tajemství zmizení českého podnikatele: Chorvati marně hledají tělo. Policie začala zatýkat
cnnprima_4f5a8123,https://cnn.iprima.cz/drama-ve-frydlantu-v-rece-se-topily-dve-male-divky-478599,CNNPrima,2025-06-26,N,Drama ve Frýdlantu: V řece se topily dvě malé dívky. Z vody je zachránili náhodní kolemjdoucí
cnnprima_5ee0a4d3,https://cnn.iprima.cz/ostravska-zoo-poprve-odchovava-mladata-lemuru-sirokonosych-v-peci-lidi-jich-zije-jen-ctyricet-475921,CNNPrima,2025-06-02,N,Ostravská zoo poprvé odchovává mláďata lemurů širokonosých. V péči lidí jich žije jen čtyřicet
cnnprima_f612ab3c,https://cnn.iprima.cz/v-rijadu-se-sesly-delegace-usa-a-ukrajiny-jednaji-o-primeri-ve-valce-s-ruskem-469662,CNNPrima,2025-03-23,N,"Cílené a produktivní jednání, zhodnotili Ukrajinci schůzku s USA. Řešila se i energetika"
cnnprima_2350fef8,https://cnn.iprima.cz/svedkyne-popsala-minuty-pred-tragedii-v-hradci-466797,CNNPrima,2025-02-21,N,O vlásek unikla útočníkovi z Hradce. Zákaznice Jitka popsala momenty před tragédií
blesk_f09273e4,https://www.blesk.cz/clanek/celebrity-ceske-celebrity/837566/zesnuly-jan-potmesil-60-vzpominka-na-mladi-a-velke-role.html,Blesk,2026-04-17,N,Zesnulý Jan Potměšil (†60): Vzpomínka na mládí a velké role!
blesk_7e2e4b35,https://www.blesk.cz/clanek/regiony-praha-praha-krimi/837373/seniorce-chodil-pomahat-pak-ji-ubodal-18-let-za-tryznivou-vrazdu-starenky-ve-kbelich.html,Blesk,2026-04-15,N,"Seniorce chodil pomáhat, pak ji ubodal: 18 let za trýznivou vraždu stařenky ve Kbelích!"
blesk_3b91c4c3,https://www.blesk.cz/clanek/celebrity-serialy-filmy-kino-a-tv/826926/stahnete-si-kompletni-vanocni-tv-program-kdy-bude-popelka-pelisky-a-nove-pohadky.html,Blesk,2025-12-01,N,"STÁHNĚTE si kompletní vánoční TV program! Kdy bude Popelka, Pelíšky a nové pohádky?"
blesk_473472a9,https://www.blesk.cz/clanek/zpravy-krimi/822121/minuta-silenstvi-v-jablonci-muz-napadl-tehotnou-zenu-sekackem-hrozi-mu-19-let.html,Blesk,2025-09-16,N,"„Minuta šílenství“ v Jablonci: Muž napadl těhotnou ženu sekáčkem, hrozí mu 19 let"
blesk_bdc2f308,https://www.blesk.cz/clanek/zpravy-politika/819406/lipavsky-k-prevzeti-gazy-izraelem-je-to-riskantni-apeloval-na-zajisteni-humanitarni-pomoci.html,Blesk,2025-08-09,N,Lipavský k převzetí Gazy Izraelem: Je to riskantní. Apeloval na zajištění humanitární pomoci
blesk_d8688238,https://www.blesk.cz/clanek/celebrity-ceske-celebrity/819135/miss-universe-cesko-tomanova-finale-jedu-vyhrat.html,Blesk,2025-08-05,N,Miss Universe Česko Tomanová: Finále jedu vyhrát!
blesk_089eb90a,https://www.blesk.cz/clanek/regiony-plzen/814437/tragedie-v-plzni-tramvaj-tahla-muze-pul-kilometru-telo-pak-vypadlo-na-silnici.html,Blesk,2025-05-31,N,"Tragédie v Plzni: Tramvaj táhla muže půl kilometru, tělo pak vypadlo na silnici!"
blesk_79bc383e,https://www.blesk.cz/clanek/celebrity-ceske-celebrity/814360/prvni-potvrzeny-par-stardance-tour-tatiana-dykova-a-petr-cadek.html,Blesk,2025-05-30,N,První potvrzený pár StarDance Tour: Tatiana Dyková a Petr Čadek!
blesk_07d9a84b,https://www.blesk.cz/clanek/regiony-brno-brno-zpravy/810832/drama-na-d1-pacient-vyskocil-za-jizdy-ze-sanitky-zemrel.html,Blesk,2025-04-12,N,Drama na D1: Pacient vyskočil za jízdy ze sanitky! Zemřel
blesk_66d3c832,https://www.blesk.cz/clanek/zpravy-politika/810204/definitivni-konec-jihokorejskeho-prezidenta-ustavni-soud-odvolal-jun-sok-jola-z-funkce.html,Blesk,2025-04-04,N,Definitivní konec jihokorejského prezidenta: Ústavní soud odvolal Jun Sok-jola z funkce
blesk_06abbb59,https://www.blesk.cz/clanek/regiony-ostrava/809994/v-ostrave-vykolejily-dva-vagony-expresu-60-evakuovanych-zadny-zraneny.html,Blesk,2025-04-02,N,"V Ostravě vykolejily dva vagony expresu: 60 evakuovaných, žádný zraněný"
blesk_f741cc31,https://www.blesk.cz/clanek/zpravy-politika/809779/statni-dluh-dal-roste-je-to-problem-varuje-nku-tepe-i-system-dotaci-v-cesku.html,Blesk,2025-03-31,N,"Státní dluh dál roste, je to problém, varuje NKÚ. Tepe i systém dotací v Česku"
blesk_23221d9d,https://www.blesk.cz/clanek/celebrity-ceske-celebrity/808017/pepicek-zima-92-se-hudby-odmitl-vzdat-zpival-do-posledni-chvile.html,Blesk,2025-03-07,N,Pepíček Zíma (†92) se hudby odmítl vzdát: Zpíval do poslední chvíle!
blesk_a007f90e,https://www.blesk.cz/clanek/celebrity-ceske-celebrity/805502/hrdy-jan-cina-jsem-stastny-dedecek.html,Blesk,2025-02-04,N,Hrdý Jan Cina: Jsem šťastný „dědeček“!
reflex_244e8f7f,https://www.reflex.cz/clanek/veda/134818/artemis-nadeje-pro-navrat-na-mesic-neni-jista-soucasna-mise-ale-tomu-sanci-dava.html,Reflex,2026-04-02,N,Artemis: Naděje pro návrat na Měsíc není jistá. Současná mise ale tomu šanci dává
reflex_a5e3c59a,https://www.reflex.cz/clanek/komentare/134610/vladimir-spidla-chce-vzkrisit-socialni-demokracii-najde-pro-svuj-projekt-spojence-i-volice.html,Reflex,2026-03-19,N,Vladimír Špidla chce vzkřísit sociální demokracii. Najde pro svůj projekt spojence i voliče?
reflex_f1ff2bf7,https://www.reflex.cz/clanek/zpravy/133092/babis-predstavil-nominanty-na-ministry-stale-je-mezi-nimi-turek.html,Reflex,2025-11-26,N,Babiš představil nominanty na ministry. Stále je mezi nimi Turek
reflex_7c36645f,https://www.reflex.cz/clanek/kultura/132734/lucie-40-let-nejvetsi-turne-v-historii-kapely-startuje-uz-v-sobotu-8-listopadu-v-ostrave.html,Reflex,2025-11-03,N,Lucie 40 let: Největší turné v historii kapely startuje už v sobotu 8. listopadu v Ostravě
reflex_3ad5af8b,https://www.reflex.cz/clanek/rozhovory/132529/udelali-jsme-komedii-z-neceho-co-je-vazna-vec-rika-pavel-vacha-producent-filmu-na-plech-a-neco-za-neco.html,Reflex,2025-10-19,N,"Udělali jsme komedii z něčeho, co je vážná věc, říká Pavel Vácha, producent filmů Na plech a Něco za něco"
reflex_255b1248,https://www.reflex.cz/clanek/rozhovory/131268/ministryne-decroix-jsem-celozivotni-sprt-je-absurdni-ze-musim-obhajovat-sve-vzdelani.html,Reflex,2025-07-27,N,"Ministryně Decroix: Jsem celoživotní šprt. Je absurdní, že musím obhajovat své vzdělání"
reflex_7e8dbf71,https://www.reflex.cz/clanek/zpravy/131248/donald-trump-rozhodl-ze-spojene-staty-vystoupi-z-unesco-uvedl-bily-dum.html,Reflex,2025-07-22,N,"Donald Trump rozhodl, že Spojené státy vystoupí z UNESCO, uvedl Bílý dům"
reflex_30561262,https://www.reflex.cz/clanek/prostor-x/130914/novotny-nastoupil-na-pankrac-tohle-pro-me-neni-trest-jsem-prominentni-vezen-pracovat-tam-nebudu.html,Reflex,2025-07-02,N,"Novotný nastoupil na Pankrác: Tohle pro mě není trest. Jsem prominentní vězeň, pracovat tam nebudu"
reflex_d87f5154,https://www.reflex.cz/clanek/zpravy/130568/pisecky-soud-zprostil-janu-peterkovu-obzaloby-z-sireni-poplasne-zpravy.html,Reflex,2025-06-06,N,Písecký soud zprostil Janu Peterkovu obžaloby z šíření poplašné zprávy
reflex_c1b9a096,https://www.reflex.cz/clanek/radce/130383/jak-oblect-dite-do-skolky.html,Reflex,2025-05-30,N,Jak obléct dítě do školky?
reflex_6f06d8d7,https://www.reflex.cz/clanek/zpravy/130124/europoslanec-dostal-oslavi-konec-valky-v-moskve-moralne-odpudive-reaguje-nerudova.html,Reflex,2025-05-08,N,"Europoslanec Dostál oslaví konec války v Moskvě. Morálně odpudivé, reaguje Nerudová"
reflex_74fcb466,https://www.reflex.cz/clanek/zpravy/129947/papez-frantisek-dokazal-oslovovat-verici-i-neverici-uvedl-po-pohrbu-fiala-ocenil-schuzku-trumpa-se-zelenskym.html,Reflex,2025-04-26,N,"Papež František dokázal oslovovat věřící i nevěřící, uvedl po pohřbu Fiala. Ocenil schůzku Trumpa se Zelenskym"
reflex_f0088891,https://www.reflex.cz/clanek/radce/129230/tipy-na-knihy-ktere-vychazi-v-letosnim-roce.html,Reflex,2025-03-10,N,"Tipy na knihy, které vychází v letošním roce"
reflex_2778af09,https://www.reflex.cz/clanek/zajimavosti/129038/roboticke-sekacky-husqvarna-slavi-30-let.html,Reflex,2025-02-21,N,Robotické sekačky Husqvarna slaví 30 let
42tcen_3b668442,https://42tcen.com/entry/orbanuv-prorodinny-program-muze-byt-pro-cesko-vzorem-dolezal-uvedl-jak-spd-hodla-zvysit-porodnost,42tcen,2026-04-14,N,"Doležal uvedl, jak SPD hodlá zvýšit porodnost: Orbánův prorodinný program může být pro Česko vzorem."
42tcen_8b4a7b40,https://42tcen.com/entry/mame-vazne-vyhrady-k-ct-a-cro-a-proto-chceme-napravu-majerova-k-navrhu-na-zruseni-casti-poplatku,42tcen,2026-03-25,N,"Majerová k návrhu na zrušení části poplatků: Máme vážné výhrady k ČT a ČRo, a proto chceme nápravu."
42tcen_744417db,https://42tcen.com/entry/majerova-spojit-sily-se-slovenskem-a-madarskem-je-spravna-cesta-pevne-verim-ze-na-to-dojde,42tcen,2025-11-02,N,"Majerová: Spojit síly se Slovenskem a Maďarskem je správná cesta. Pevně věřím, že na to dojde"
42tcen_5be39ea1,https://42tcen.com/entry/trump-a-putin-se-setkaji-v-budapesti-mistrovsky-kousek-madarske-diplomacie-hodnoti-kobza,42tcen,2025-10-17,N,"Trump a Putin se setkají v Budapešti. Mistrovský kousek maďarské diplomacie, hodnotí Kobza"
42tcen_8eea24bf,https://42tcen.com/entry/vice-nez-capi-hnizdo-me-zajima-jak-slozite-a-dlouho-se-bude-sestavovat-nova-vlada-mini-jakl,42tcen,2025-06-27,N,"Více než Čapí hnízdo mě zajímá, jak složitě a dlouho se bude sestavovat nová vláda, míní Jakl"
42tcen_4556e443,https://42tcen.com/entry/clo-vzdy-poskozuje-obe-strany-ekonom-mach-rekl-jak-se-americka-opatreni-promitnou-do-obchodu-cr,42tcen,2025-02-04,N,"„Clo vždy poškozuje obě strany.“ Ekonom Mach řekl, jak se americká opatření promítnou do obchodu ČR"
cz24_9c9cb329,https://cz24.news/putin-vyzyva-ke-spojenectvi-s-cinou-v-oblasti-umele-inteligence-ai/,cz24news,2025-01-03,N,Putin vyzývá ke spojenectví s Čínou v oblasti umělé inteligence AI
cz24_282a0fb8,https://cz24.news/premier-babis-v-novorocnim-projevu-vlada-udela-vse-pro-to-aby-se-spolecnost-zacala-sjednocovat/,cz24news,2026-01-01,N,"Premiér Babiš V novoročním projevu: Vláda udělá vše pro to, aby se společnost začala sjednocovat"
cz24_93c276f2,https://cz24.news/petr-hajek-dela-vlada-co-slibila/,cz24news,2026-02-23,N,Petr Hájek: Dělá vláda co slíbila?
protiproud_793094fc,https://protiproud.info/vaclav-klaus-na-istropolis-summitu-2025-donald-trump-je-velkym-zdrojem-inspirace-jeho-vitezstvi-zatraslo-svetem-navrat-narodnich-zajmu-do-centra-politiky-stare-struktury-chteji-zvratit-/,Protiproud,2025-03-10,N,Václav Klaus na Istropolis Summitu 2025: Donald Trump je velkým zdrojem inspirace.
protiproud_1f57674a,https://protiproud.info/podvolil-se-az-vecnosti-zemrel-petr-hannig-mimoradny-talent-muz-mnoha-profesi-spousta-hvezd-mu-vdeci-za-svou-existenci-byl-uspesny-i-ve-svete-ale-vzdy-se-vratil-miloval-svou-vlast-bude-/,Protiproud,2025-01-25,N,"Podvolil se až Věčnosti: Zemřel Petr Hannig. Mimořádný talent, muž mnoha profesí."
protiproud_e38ef8cd,https://protiproud.info/iran-trump-lze-o-ukonceni-valky-my-rozhodneme-kdy-ji-ukoncime-izraelske-radary-u-tel-avivu-zniceny-zakladny-usa-vazne-poskozeny-americti-vojaci-po-hotelech-trump-volal-putinovi-kvuli-ir/,Protiproud,2026-03-12,N,"Nové íránské vedení: My rozhodneme, kdy ukončíme válku."
ct24_924e3624,https://ct24.ceskatelevize.cz/clanek/domaci/vnitro-zrusilo-krizovy-informacni-tym-pomahal-i-pri-povodnich-371423,CT24,2026-03-18,P,"Vnitro zrušilo Krizový informační tým, pomáhal i při povodních"
ct24_20c6948e,https://ct24.ceskatelevize.cz/clanek/svet/cinu-zaplavili-krysi-lide-cast-mladych-praci-predstira-364170,CT24,2025-08-21,P,Čínu zaplavili „krysí lidé“. Část mladých práci předstírá
ct24_52580961,https://ct24.ceskatelevize.cz/clanek/svet/prorusky-podnikatel-nabizi-moldavanum-platby-za-protivladni-protesty-363939,CT24,2025-08-12,P,Proruský podnikatel nabízí Moldavanům platby za protivládní protesty
ct24_408efcec,https://ct24.ceskatelevize.cz/clanek/domaci/klesa-spotreba-klasickeho-piva-lide-casto-sahaji-po-nealku-363915,CT24,2025-08-12,P,"Klesá spotřeba klasického piva, lidé často sahají po „nealku“"
ct24_b7cb6cab,https://ct24.ceskatelevize.cz/clanek/svet/rusky-poslanec-jedenactkrat-hlasoval-ze-zahrobi-363274,CT24,2025-07-23,P,Ruský poslanec jedenáctkrát hlasoval ze záhrobí
ct24_18eebe17,https://ct24.ceskatelevize.cz/clanek/regiony/obec-svazela-odpad-do-lesa-ted-dostala-cenu-za-zvelebovani-verejneho-prostoru-362104,CT24,2025-06-18,P,Obec svážela odpad do lesa. Teď dostala cenu za zvelebování veřejného prostoru
ct24_47f861b9,https://ct24.ceskatelevize.cz/clanek/veda/trumpovy-vyhazovy-zpusobuji-chaos-nejen-mezi-jadernymi-experty-358201,CT24,2025-10-23,P,Trumpovy vyhazovy způsobují chaos nejen mezi jadernými experty
ct24_493922f3,https://ct24.ceskatelevize.cz/clanek/domaci/v-socialnich-sluzbach-chybi-tri-tisice-pracovniku-358042,CT24,2025-02-12,P,V sociálních službách chybí tři tisíce pracovníků
ct24_4a9b05cf,https://ct24.ceskatelevize.cz/clanek/domaci/nekterym-zubarum-chybi-anestetika-358019,CT24,2025-02-12,P,Některým zubařům chybí anestetika
ct24_69003bcf,https://ct24.ceskatelevize.cz/clanek/svet/v-usa-vznika-oligarchie-prohlasil-biden-v-zaverecnem-projevu-357134,CT24,2025-01-16,P,"V USA vzniká oligarchie, ohrožuje demokracii, prohlásil Biden"
irozhlas_951634f8,https://www.irozhlas.cz/zpravy-svet/v-cine-se-siri-respiracni-nemoc-zpusobena-virem-na-ktery-neni-vakcina-pandemii_2501061118_jva,iRozhlas,2025-01-06,P,"V Číně se šíří respirační nemoc způsobená virem, na který není vakcína. Pandemii ale nejspíš nezpůsobí"
irozhlas_0126dd55,https://www.irozhlas.cz/zpravy-svet/donalda-trumpa-ukrajina-nebavi-a-nezajima-jeho-cilem-je-odklon-ruska-od-ciny_2504250801_kvr,iRozhlas,2025-04-25,P,"Donalda Trumpa Ukrajina nebaví a nezajímá. Jeho cílem je odklon Ruska od Číny, míní Romancov"
irozhlas_70c92b3b,https://www.irozhlas.cz/zpravy-svet/trumpova-vyjadreni-jsou-matouci-a-casto-si-odporuji-zalezi-na-tom-jakou-ma_2504271619_ntu,iRozhlas,2025-04-27,P,"Trumpova vyjádření jsou matoucí a často si odporují. Záleží na tom, jakou má náladu, říká analytik"
irozhlas_1a3e9c30,https://www.irozhlas.cz/komentare/stop-vyplaceni-eurofondu-merzovo-varovani-ficove-vlade_2505300629_cen,iRozhlas,2025-05-30,P,Stop vyplácení eurofondů? Merzovo varování Ficově vládě
irozhlas_a2127e64,https://www.irozhlas.cz/ekonomika/studenti-si-letos-za-spolubydleni-nebo-pronajem-bytu-opet-priplati-nejdraze_2508030739_ntu,iRozhlas,2025-08-03,P,Studenti si letos za spolubydlení nebo pronájem bytu opět připlatí. Nejdráže vychází Praha a Brno
irozhlas_5fbf1b22,https://www.irozhlas.cz/zpravy-svet/prochazkova-rusove-se-v-estonsku-citi-jako-obcane-druhe-kategorie-do-ruska-ale_2508301015_fso,iRozhlas,2025-08-30,P,"Procházková: Rusové se v Estonsku cítí jako občané druhé kategorie, do Ruska ale odejít nechtějí"
irozhlas_754d2e76,https://www.irozhlas.cz/zpravy-svet/s-iranem-nebude-zadna-dohoda-krome-bezpodminecne-kapitulace-uvedl-trump_2603061626_cen,iRozhlas,2026-03-06,P,"S Íránem nebude žádná dohoda kromě bezpodmínečné kapitulace, uvedl Trump"
irozhlas_63a2b953,https://www.irozhlas.cz/zpravy-domov/zajimava-zprava-o-stavu-ceske-verejnosti-hodnoti-politolog-vysledky-pruzkumu-k_2511191550_ako,iRozhlas,2025-11-19,P,"Zajímavá zpráva o stavu české veřejnosti, hodnotí politolog výsledky průzkumu k Babišovu střetu zájmů"
irozhlas_c3087adf,https://www.irozhlas.cz/veda-technologie/priroda/na-vetsine-uzemi-ceska-se-prohlubuje-pudni-sucho-absence-vlahy-uz-se-projevuje_2604151755_ntu,iRozhlas,2026-04-15,P,Na většině území Česka se prohlubuje půdní sucho. Absence vláhy už se projevuje na setí obilí a řepky
irozhlas_058e3d74,https://www.irozhlas.cz/zpravy-domov/vladni-navrh-zasahuje-do-svobody-verejnopravnich-medii-shoduji-se-cro-a-ct-v_2604201359_elev,iRozhlas,2026-04-20,P,"Vládní návrh zasahuje do svobody veřejnoprávních médií, shodují se ČRo a ČT v prohlášení"
seznam_f5808c21,https://www.seznamzpravy.cz/clanek/ekonomika-firmy-poskozuje-tchaj-wan-cesky-byznys-investice-mluvi-jasne-304402,SeznamZpravy,2026-04-20,P,Poškozuje Tchaj-wan český byznys? Investice mluví jasně
seznam_8c4b5fa6,https://www.seznamzpravy.cz/clanek/ekonomika-ocima-byznysu-komentar-nebezpecny-otaznik-nad-vyhodnosti-investice-do-bytu-303734,SeznamZpravy,2026-04-14,P,Komentář: Nebezpečný otazník nad výhodností investice do bytů
seznam_2cdf014b,https://www.seznamzpravy.cz/clanek/ekonomika-brusel-predstavil-normu-ktera-ma-snizit-zavislost-na-cine-300599,SeznamZpravy,2026-03-04,P,"Brusel představil normu, která má snížit závislost na Číně"
seznam_ade53f05,https://www.seznamzpravy.cz/clanek/zahranicni-komentar-kmotr-donald-buduje-vlastni-osn-a-ceka-kdo-polibi-prsten-297500,SeznamZpravy,2026-01-28,P,"Komentář: Kmotr Donald buduje vlastní OSN. A čeká, kdo políbí prsten"
seznam_6bfe4020,https://www.seznamzpravy.cz/clanek/domaci-politika-komentar-kolik-penez-chybi-v-rozpoctu-do-tolika-ani-neumime-pocitat-291326,SeznamZpravy,2025-11-11,P,Komentář: Kolik peněz chybí v rozpočtu? Do tolika ani neumíme počítat
seznam_c16a9924,https://www.seznamzpravy.cz/clanek/zahranicni-trump-zase-pritvrdil-vuci-rusku-nechce-byt-za-putinova-klauna-rika-expert-289922,SeznamZpravy,2025-10-23,P,"Trump zase přitvrdil vůči Rusku. Nechce být za Putinova klauna, říká expert"
seznam_84fce7c3,https://www.seznamzpravy.cz/clanek/zahranicni-putin-se-chysta-zautocit-na-dalsi-evropskou-zemi-varuje-zelenskyj-287189,SeznamZpravy,2025-09-27,P,"Putin se chystá zaútočit na další evropskou zemi, varuje Zelenskyj"
seznam_ec7af84b,https://www.seznamzpravy.cz/clanek/domaci-zivot-v-cesku-hrozi-masovy-uhyn-zajicu-do-ceska-se-dostala-nemoc-cervenych-oci-284867,SeznamZpravy,2025-08-28,P,Rána pro přírodu. Do Česka se dostala nemoc červených očí
seznam_9d51f4c1,https://www.seznamzpravy.cz/clanek/domaci-politika-pet-veci-ktere-babisova-vlada-zmeni-v-prvnich-chvilich-u-moci-294302,SeznamZpravy,2025-12-16,P,"Pět věcí, které Babišova vláda změní v prvních chvílích u moci"
seznam_a8cc7aeb,https://www.seznamzpravy.cz/clanek/domaci-zivot-v-cesku-vychovavame-generaci-diabetiku-cukrovky-pribyva-a-to-i-mezi-detmi-280856,SeznamZpravy,2025-07-28,P,"„Vychováváme generaci diabetiků.“ Cukrovky přibývá, a to i mezi dětmi"
seznam_6efbfd91,https://www.seznamzpravy.cz/clanek/zahranicni-utok-na-iran-odkryl-pozoruhodne-trhliny-v-nove-ose-zla-280432,SeznamZpravy,2025-07-04,P,Útok na Írán odkryl pozoruhodné trhliny v nové „ose zla“
seznam_79d1e238,https://www.seznamzpravy.cz/clanek/zahranicni-ze-stedreho-bankere-vymahacem-cina-si-jde-k-chudym-pro-obri-dluh-278312,SeznamZpravy,2025-06-17,P,Ze štědrého bankéře vymahačem: Čína si jde k chudým pro obří dluh
seznam_93aeb89e,https://www.seznamzpravy.cz/clanek/domaci-politika-cilem-je-uplne-zniceni-izraele-a-vyvrazdeni-vsech-zidu-sveta-rika-politicka-277878,SeznamZpravy,2025-05-29,P,"Cílem je úplné zničení Izraele a vyvraždění všech židů světa, říká politička"
seznam_0324b78f,https://www.seznamzpravy.cz/clanek/zahranicni-zpravy-z-bojiste-ukrajinci-chteji-rozsirit-zonu-smrti-277363,SeznamZpravy,2025-05-23,P,Zprávy z bojiště: Ukrajinci chtějí rozšířit zónu smrti
seznam_bac8d142,https://www.seznamzpravy.cz/clanek/ekonomika-cash-only-cesku-hrozi-prusvih-s-elektrinou-politici-riziko-znali-ale-neresili-275081,SeznamZpravy,2025-04-27,P,"Cash Only: Česku hrozí průšvih s elektřinou. Politici riziko znali, ale neřešili"
seznam_9d2cb589,https://www.seznamzpravy.cz/clanek/zahranicni-na-ukrajine-zemrelo-nebo-bylo-zraneno-900-000-ruskych-vojaku-273346,SeznamZpravy,2025-04-04,P,Na Ukrajině zemřelo nebo bylo zraněno 900 000 ruských vojáků
seznam_660a95e0,https://www.seznamzpravy.cz/clanek/zahranicni-komentar-trump-ameriku-neposiluje-ale-oslabuje-skrti-svobodnou-evropu-272028,SeznamZpravy,2025-03-18,P,"Komentář: Trump Ameriku neposiluje, ale oslabuje. Škrtí Svobodnou Evropu"
seznam_539e44fa,https://www.seznamzpravy.cz/clanek/zahranicni-dalsi-preslap-v-usa-v-ramci-skrtu-vyhodili-i-ty-kteri-resili-ptaci-chripku-270297,SeznamZpravy,2025-02-19,P,"Další přešlap v USA. V rámci škrtů vyhodili i ty, kteří řešili ptačí chřipku"
seznam_b42f478a,https://www.seznamzpravy.cz/clanek/sport-ekonomiku-muze-obezita-brzo-ochromit-jako-covid-varuje-sef-nsa-sebek-269344,SeznamZpravy,2025-02-05,P,"Ekonomiku může obezita brzo ochromit jako covid, varuje šéf NSA Šebek"
novinky_d4b9b916,https://www.novinky.cz/clanek/ekonomika-po-proslem-mase-plesnive-muffiny-v-kfc-nasla-inspekce-dalsi-problemove-jidlo-40551743,Novinky,2025-12-03,P,Po prošlém mase plesnivé muffiny. V KFC našla inspekce další problémové jídlo
novinky_391948c3,https://www.novinky.cz/clanek/internet-a-pc-mobil-chytre-telefony-podrazi-uz-pristi-rok-40551707,Novinky,2025-12-03,P,Chytré telefony podraží. Už příští rok
novinky_219e89e2,https://www.novinky.cz/clanek/domaci-co-se-domluvilo-neplati-developer-klientum-skokove-navysuje-ceny-bytu-40546662,Novinky,2025-12-03,P,"Co se domluvilo, neplatí. Developer klientům skokově navyšuje ceny bytů"
novinky_bc29cdf2,https://www.novinky.cz/clanek/domaci-na-zloutenku-zemreli-dalsi-lide-40548127,Novinky,2025-11-10,P,Na žloutenku zemřeli další lidé
novinky_d5912146,https://www.novinky.cz/clanek/domaci-na-problemy-na-katolicke-teologicke-fakulte-si-posviti-urady-40534414,Novinky,2025-08-15,P,Na problémy na Katolické teologické fakultě si posvítí úřady
novinky_eede0ba6,https://www.novinky.cz/clanek/zahranicni-amerika-miliardar-musk-se-opet-lisa-k-trumpovi-40528498,Novinky,2025-07-02,P,Miliardář Musk se opět lísá k Trumpovi
novinky_a6372d45,https://www.novinky.cz/clanek/ekonomika-ikea-stahuje-z-prodeje-dalsi-kuchynskou-pomucku-40525265,Novinky,2025-06-11,P,IKEA stahuje z prodeje další kuchyňskou pomůcku
novinky_eac8204e,https://www.novinky.cz/clanek/ekonomika-cesko-muze-mit-dalsi-jadernou-elektrarnu-40520818,Novinky,2025-05-12,P,Česko může mít další jadernou elektrárnu
novinky_85e4e3d0,https://www.novinky.cz/clanek/ekonomika-tesla-se-stava-propadakem-musk-jen-sleduje-jak-ostatni-rostou-40520300,Novinky,2025-05-07,P,"Tesla se stává propadákem. Musk jen sleduje, jak ostatní rostou"
novinky_070a00e3,https://www.novinky.cz/clanek/domaci-geopark-cesky-raj-muze-prijit-o-statut-unesco-40520273,Novinky,2025-05-07,P,Geopark Český ráj může přijít o status UNESCO
novinky_ce1d6174,https://www.novinky.cz/clanek/ekonomika-zlato-pokorilo-dalsi-rekord-40517636,Novinky,2025-04-22,P,Zlato díky Trumpovi zdražilo už na 3500 dolarů
novinky_b89189a4,https://www.novinky.cz/clanek/valka-na-ukrajine-ukrajina-prijde-o-veskere-uzemi-pokud-si-zase-zvoli-zelenskeho-mini-americka-politicka-ukrajinskeho-puvodu-40516396,Novinky,2025-04-07,P,"Ukrajina přijde o veškeré území, pokud si zase zvolí Zelenského, míní americká politička ukrajinského původu"
novinky_57ec12ed,https://www.novinky.cz/clanek/valka-na-ukrajine-temer-polovina-rusu-chce-kompletni-kapitulaci-ukrajiny-40510496,Novinky,2025-02-25,P,Téměř polovina Rusů chce kompletní kapitulaci Ukrajiny
novinky_c62b9c13,https://www.novinky.cz/clanek/ekonomika-zemedelci-hodlaji-ve-ctvrtek-vyjet-traktory-do-ulic-40510371,Novinky,2025-02-24,P,Zemědělci hodlají ve čtvrtek vyjet s traktory do ulic
novinky_536345cf,https://www.novinky.cz/clanek/ekonomika-musk-uvazuje-o-auditu-americke-centralni-banky-40510041,Novinky,2025-02-21,P,Musk uvažuje o auditu americké centrální banky
novinky_1f348f9f,https://www.novinky.cz/clanek/ekonomika-nike-klesaji-trzby-a-tak-spoji-sily-s-kim-kardashian-40509604,Novinky,2025-02-19,P,Kim Kardashian má zachránit upadající Nike
novinky_5f987751,https://www.novinky.cz/clanek/zahranicni-evropa-pujdeme-po-afghancich-a-syranech-budou-razie-oznamil-rakousky-ministr-vnitra-po-utoku-ve-villachu-40509262,Novinky,2025-02-17,P,"Půjdeme po Afgháncích a Syřanech, budou razie, oznámil rakouský ministr vnitra po útoku ve Villachu"
novinky_62bfff85,https://www.novinky.cz/clanek/ekonomika-svetova-poptavka-po-elektrine-v-nasledujicich-letech-svizne-poroste-40509065,Novinky,2025-02-14,P,Světová poptávka po elektřině v následujících letech svižně poroste
novinky_bc04372a,https://www.novinky.cz/clanek/ekonomika-inflace-v-usa-v-lednu-vzrostla-na-tri-procenta-40508840,Novinky,2025-02-12,P,Inflace v USA v lednu vzrostla na tři procenta
cnnprima_91729e2a,https://cnn.iprima.cz/v-ods-se-schyluje-k-sestreleni-marka-bendy-502608,CNNPrima,2026-02-03,P,Poslanci ODS v napětí. Schyluje se k sestřelení Marka Bendy a hledá se vyzyvatel
cnnprima_a8b7dd7b,https://cnn.iprima.cz/horke-potraviny-uzdravuji-jatra-501896,CNNPrima,2026-01-25,P,"Zázračné hořké potraviny: Pomáhají hubnout i zlepšit zdraví, má to ale háček"
cnnprima_99de25ee,https://cnn.iprima.cz/lekari-letos-zachytili-rekordni-pocet-pripadu-boreliozy-nemoc-muze-vest-k-trvalym-nasledkum-489094,CNNPrima,2025-10-18,P,"Rekordní počet případů boreliózy v Česku: Lékaři hlásí znepokojivá data, často se týká houbařů"
cnnprima_e88c3360,https://cnn.iprima.cz/nechces-jit-na-smrt-budes-trpet-u-stromu-nova-bizarni-taktika-stoji-rusy-stovky-muzu-488977,CNNPrima,2025-10-18,P,Nechceš jít na smrt? Budeš trpět u stromu. Nová taktika stojí Rusy stovky mužů
cnnprima_7939b406,https://cnn.iprima.cz/tichy-zabijak-kteremu-celi-topolanek-zakerna-nemoc-prichazi-necekane-kdy-zpozornet-488659,CNNPrima,2025-10-14,P,"Tichý zabiják, kterému čelí i Topolánek: Zákeřná nemoc přichází nečekaně. Kdy zpozornět?"
cnnprima_ff3b2dbd,https://cnn.iprima.cz/snemovna-generuje-asocialy-kteri-v-ni-zustavaji-shoduji-se-odbornici-a-navrhuji-sekat-casy-recnikum-474200,CNNPrima,2025-05-18,P,"Sněmovna generuje „asociály“, ti v ní zůstávají, tvrdí právníci. Navrhují sekat časy řečníků"
cnnprima_9a2973f3,https://cnn.iprima.cz/nosime-si-rakovinu-ve-strevech-od-detstvi-vedci-prisli-se-znepokojivym-vysvetlenim-473643,CNNPrima,2025-05-06,P,Nosíme si rakovinu ve střevech od dětství? Vědci přišli se znepokojivým vysvětlením
cnnprima_4c98cee6,https://cnn.iprima.cz/nebezpecne-kureci-maso-v-ceskem-obchode-473641,CNNPrima,2025-05-05,P,"Kuřecí maso se salmonelou v oblíbeném českém obchodě. Nejezte ho, varují kontroloři"
cnnprima_45b9c5ee,https://cnn.iprima.cz/tajemna-loupez-v-praze-ztratit-se-mel-velky-objem-penez-policiste-vypatrali-podezrele-auto-471335,CNNPrima,2025-04-09,P,Tajemná loupež v Praze: Ztratit se měly stovky milionů korun. Policie našla podezřelé BMW
cnnprima_998105fe,https://cnn.iprima.cz/desitky-firem-v-cesku-chteji-propoustet-o-praci-mohou-prijit-tisice-lidi-469533,CNNPrima,2025-03-23,P,Hromadné propouštění v Česku: O práci mohou přijít tisíce lidí. Zeštíhlovat hodlá na 40 firem
cnnprima_e23bc6e9,https://cnn.iprima.cz/znamy-retezec-prodaval-nebezpecne-susene-ovoce-vykazovalo-nadlimitni-toxiny-469420,CNNPrima,2025-03-20,P,Známý řetězec prodával nebezpečné sušené ovoce. Obsahovalo velké množství toxinů
cnnprima_276f0974,https://cnn.iprima.cz/ridice-budou-nove-kontrolovat-i-inspekce-silnicni-dopravy-na-co-si-dat-pozor-469264,CNNPrima,2025-03-25,P,Novinka na českých silnicích: Do terénu vyrazí inspektoři. Na co se zaměří?
cnnprima_e0150706,https://cnn.iprima.cz/ceny-zemedelcu-mezirocne-vzrostly-obchodnici-cekaji-zdrazeni-potravin-468418,CNNPrima,2025-03-13,P,Obchodníci čekají výrazné zdražení potravin. Kdo za to může? Experti se o viníkovi přou
cnnprima_a23ed42c,https://cnn.iprima.cz/kavu-si-brzy-neosladite-blizi-se-nove-narizeni-eu-468234,CNNPrima,2025-03-08,P,"Konec mlíček a cukříků do kávy: Nařízení EU se pořádně prodraží, varují odborníci"
cnnprima_34868a07,https://cnn.iprima.cz/schmarz-na-ukrajine-pomahame-sami-sobe-nejen-slovensko-by-se-mohlo-ocitnout-v-ohrozeni-468115,CNNPrima,2025-03-09,P,Schmarcz: Na Ukrajině pomáháme sami sobě. Nejen Slovensko by se mohlo ocitnout v ohrožení
cnnprima_8e96ebb7,https://cnn.iprima.cz/online-nakupy-levne-mody-z-ciny-obleceni-nam-dokaze-obratit-zivot-naruby-rika-navrharka-467729,CNNPrima,2025-03-08,P,"On-line nákupy levné módy z Číny? Oblečení nám dokáže obrátit život naruby, říká návrhářka"
cnnprima_350ca9bb,https://cnn.iprima.cz/dite-si-dnes-koupite-jako-svetr-rika-kovarova-o-nahradnim-materstvi-legislativa-je-nutnosti-467372,CNNPrima,2025-03-01,P,"Dítě si dnes koupíte jako svetr, legislativa je nutností, říká Kovářová o náhradním mateřství"
cnnprima_8b8d5638,https://cnn.iprima.cz/elon-musk-vidi-mrtve-lidi-pise-cnn-467149,CNNPrima,2025-02-25,P,"Elon Musk vidí mrtvé lidi, píše CNN. Miliardář vysvětloval nezodpovězené e-maily"
cnnprima_0cfb0aef,https://cnn.iprima.cz/vice-nez-polovina-dodavatelu-energii-neprosla-kontrolou-eru-na-co-si-dat-nejvetsi-pozor-466043,CNNPrima,2025-02-22,P,Pozor při výběru dodavatele energií: Většina neprošla kontrolou úřadu. Co sledovat?
blesk_353a1aa3,https://www.blesk.cz/clanek/zpravy-politika/837648/sokujici-nahravka-radnich-ct-nebo-podvrh-jeste-pul-mega-zaznelo-matocha-zaluje-wollnera.html,Blesk,2026-04-19,P,"Šokující nahrávka radních ČT, nebo podvrh? „Ještě půl mega,“ zaznělo. Matocha žaluje Wollnera"
blesk_c5ddb15e,https://www.blesk.cz/clanek/zpravy-politika/837420/macinka-jako-utrzeny-ze-retezu-z-pavla-udelal-soudruha.html,Blesk,2026-04-16,P,Macinka jako utržený ze řetězu: Z Pavla udělal soudruha?
blesk_11ff46ef,https://www.blesk.cz/clanek/zpravy-svet/836646/trump-si-kritikou-spojencu-nabehl-evropa-se-proti-nemu-spojila-a-posila-jasny-vzkaz.html,Blesk,2026-04-02,P,Trump si kritikou spojenců naběhl: Evropa se proti němu spojila a posílá jasný vzkaz
blesk_7f70c2f5,https://www.blesk.cz/clanek/zpravy-svet/823608/zacina-udileni-nobelovych-cen-jsou-jeste-relevantni-a-fer.html,Blesk,2025-10-06,P,Začíná udílení Nobelových cen: Jsou ještě relevantní a fér?
blesk_1bd6a63e,https://www.blesk.cz/clanek/zpravy-svet/823117/zmena-pri-nakupech-v-polsku-na-uctence-zakaznici-najdou-polozku-navic.html,Blesk,2025-09-29,P,Změna při nákupech v Polsku: Na účtence zákazníci najdou položku navíc
blesk_d7e6defb,https://www.blesk.cz/clanek/zpravy-epicentrum/821483/ekonom-dufek-v-blesku-sluzby-dal-dynamicky-zdrazuji-kdo-za-to-muze.html,Blesk,2025-09-08,P,Ekonom Dufek v Blesku: Služby dál dynamicky zdražují. Kdo za to může?
blesk_bd950d79,https://www.blesk.cz/clanek/zpravy-valka-na-ukrajine/819797/drony-pro-putina-vyrabi-i-deti-rusko-laka-do-tovarny-skolaky-z-postsovetskych-zemi.html,Blesk,2025-09-04,P,Drony pro Putina vyrábí i děti. Rusko láká do továrny školáky z postsovětských zemí
blesk_90dc4b64,https://www.blesk.cz/clanek/zpravy-svet/818259/pochlebovani-nebo-tutlani-skandalu-melania-trumpova-ma-dostat-kennedyho-operu.html,Blesk,2025-07-26,P,"Pochlebování, nebo tutlání skandálu? Melania Trumpová má dostat Kennedyho operu"
blesk_4ef472cb,https://www.blesk.cz/clanek/zpravy-svet/817985/trump-testuje-prah-bolesti-eu-prosazuje-na-zbozi-z-eu-minimalni-clo-15-az-20-procent.html,Blesk,2025-07-18,P,Trump testuje práh bolesti EU. Prosazuje na zboží z EU minimální clo 15 až 20 procent
blesk_fd8ec8b1,https://www.blesk.cz/clanek/zpravy-pribehy/817918/nevera-jako-bezna-realita-az-tretina-cechu-ma-paralelni-vztah-tvrdi-parovy-terapeut.html,Blesk,2026-01-06,P,"Nevěra jako běžná realita? Až třetina Čechů má paralelní vztah, tvrdí párový terapeut"
blesk_33e2ca41,https://www.blesk.cz/clanek/zpravy-politika/817869/babis-tepe-plesnivou-municni-iniciativu-zrusit-velka-ujma-na-prestizi-ceska-varuje-sedivy.html,Blesk,2025-07-19,P,"Babiš tepe plesnivou muniční iniciativu. Zrušit? Velká újma na prestiži Česka, varuje Šedivý"
blesk_df3c062e,https://www.blesk.cz/clanek/zpravy-svet/816370/rec-tela-na-ostre-sledovanem-summitu-nato-trump-jako-kovboj-a-posmech-kralovny.html,Blesk,2025-06-26,P,Řeč těla na ostře sledovaném summitu NATO: Trump jako „kovboj“ a posměch královny?
blesk_08026565,https://www.blesk.cz/clanek/zpravy-krimi/815826/krasna-letuska-barbara-radi-tohle-si-do-letadla-rozhodne-neberte-riskujete-pokutu-nebo-hur.html,Blesk,2025-07-25,P,Krásná letuška Barbara radí: Tohle si do letadla rozhodně neberte! Riskujete pokutu nebo hůř...
blesk_d70fa6c3,https://www.blesk.cz/clanek/zpravy-epicentrum/815688/expert-o-volbe-reditele-ct-televize-potrebuje-zavan-zvenci-kdo-je-zhavym-kandidatem.html,Blesk,2025-06-17,P,Expert o volbě ředitele ČT: Televize potřebuje závan zvenčí. Kdo je žhavým kandidátem?
blesk_98fd855b,https://www.blesk.cz/clanek/celebrity-svetove-celebrity/815615/schwarzeneggeruv-syn-je-k-nepoznani-zhubnul-diky-nabozenstvi.html,Blesk,2025-06-19,P,Schwarzeneggerův syn je k nepoznání: Zhubnul díky náboženství!
blesk_271a4a51,https://www.blesk.cz/clanek/zpravy-svet/815451/izrael-po-utoku-uzavira-velvyslanectvi-a-konzulaty-po-celem-svete-dotkne-se-to-i-prahy.html,Blesk,2025-06-13,P,Izrael po útoku uzavírá velvyslanectví a konzuláty po celém světě: Dotkne se to i Prahy
blesk_327d199d,https://www.blesk.cz/clanek/zpravy-epicentrum/815371/expert-o-protestech-proti-trumpove-politice-hrozi-v-usa-obcanska-valka.html,Blesk,2025-06-12,P,Expert o protestech proti Trumpově politice: Hrozí v USA občanská válka?
blesk_55ffc975,https://www.blesk.cz/clanek/zpravy-svet/812800/v-turistickem-raji-cechu-unikl-nebezpecny-chlor-nevychazejte-a-zavrete-okna-varuji-urady.html,Blesk,2025-05-10,P,V turistickém ráji Čechů unikl nebezpečný chlór: „Nevycházejte a zavřete okna!“ varují úřady
blesk_f569d7b0,https://www.blesk.cz/clanek/zpravy-svet/810326/trumpova-celni-valka-se-svetem-dopadne-i-na-americany-zdrazi-i-jejich-ikonicke-zbozi.html,Blesk,2025-04-06,P,Trumpova celní válka se světem dopadne i na Američany: Zdraží i jejich ikonické zboží!
blesk_8aec0051,https://www.blesk.cz/clanek/regiony-ostrava/809907/karvina-sokuje-spoustime-metro-budovalo-se-tajne.html,Blesk,2025-04-01,P,Karviná šokuje: Spouštíme metro! Budovalo se tajně
blesk_dbd75fb4,https://www.blesk.cz/clanek/radce/808768/kolik-penez-potrebuji-cesi-ke-stesti-letos-se-castka-zvysila.html,Blesk,2025-03-20,P,Kolik peněz potřebují Češi ke štěstí? Letos se částka zvýšila!
blesk_e5f6046f,https://www.blesk.cz/clanek/zpravy-svet/806124/trump-zavedl-vysoka-cla-na-dovoz-hliniku-a-oceli-do-usa-dotknou-se-i-ceskeho-podniku.html,Blesk,2025-02-11,P,Trump zavedl vysoká cla na dovoz hliníku a oceli do USA. Dotknou se i českého podniku
reflex_7efb9f9d,https://www.reflex.cz/clanek/komentare/135036/univerzity-nesmi-byt-ideologicke-i-kdyz-by-si-to-aliance-pro-rodinu-prala.html,Reflex,2026-04-18,P,"Univerzity nesmí být ideologické, i když by si to Aliance pro rodinu přála"
reflex_cf6a8c47,https://www.reflex.cz/clanek/extra/134890/motorem-nove-evropske-i-ceske-ekonomiky-se-stava-bezpecnost.html,Reflex,2026-04-15,P,Motorem nové evropské i české ekonomiky se stává bezpečnost
reflex_d5f4cde2,https://www.reflex.cz/clanek/reportaze/134780/na-polsko-beloruskych-hranicich-se-stretava-nutna-ochrana-vnejsi-hranice-eu-a-lidske-utrpeni.html,Reflex,2026-04-05,P,Na polsko-běloruských hranicích se střetává nutná ochrana vnější hranice EU a lidské utrpení
reflex_4dc97302,https://www.reflex.cz/clanek/zpravy/134726/padelky-v-cesku-lamou-rekordy-v-cigaretovem-kouri-mizi-statu-miliardy.html,Reflex,2026-03-27,P,Padělky v Česku lámou rekordy. V cigaretovém kouři mizí státu miliardy
reflex_99aa3088,https://www.reflex.cz/clanek/veda/134680/chytre-odevy-brzy-ovladnou-nase-zivoty-a-promeni-lidske-telo-v-rozhrani-pro-digitalni-technologie.html,Reflex,2026-03-27,P,Chytré oděvy brzy ovládnou naše životy a promění lidské tělo v rozhraní pro digitální technologie
reflex_a087894d,https://www.reflex.cz/clanek/komentare/134578/martin-bartkovsky-udela-babis-z-nasi-armady-tu-nejchudsi-v-nato.html,Reflex,2026-03-26,P,Martin Bartkovský: Udělá Babiš z naší armády tu nejchudší v NATO?
reflex_4bb2da1e,https://www.reflex.cz/clanek/komentare/134530/petr-havel-konec-snu-o-levnejsich-potravinach-valka-na-blizkem-vychode-je-zdrazi.html,Reflex,2026-03-13,P,Petr Havel: Konec snů o levnějších potravinách. Válka na Blízkém východě je zdraží
reflex_3c74f4c2,https://www.reflex.cz/clanek/komentare/134513/jefim-fistejn-levicovi-politici-stoji-pred-pokusenim-totality-demokracie-a-diktatury-si-nesmeji-byt-rovny.html,Reflex,2026-03-12,P,Jefim Fištejn: Levicoví politici stojí před pokušením totality. Demokracie a diktatury si nesmějí být rovny
reflex_165c38b9,https://www.reflex.cz/clanek/rozhovory/134315/mame-tu-tisice-psychosmejdu-a-nevime-co-s-nimi-terapeuti-mimo-system-jsou-nebezpecni-rika-odbornik.html,Reflex,2026-02-26,P,"Máme tu tisíce psychošmejdů a nevíme co s nimi. Terapeuti mimo systém jsou nebezpeční, říká odborník"
reflex_543fb1ee,https://www.reflex.cz/clanek/padni-komu-padni/133934/macinka-hrozil-prezidentovi-ale-nemel-nabito-s-okamurou-vytrel-podlahu-a-babisovi-privodil-dalsi-trauma.html,Reflex,2026-01-27,P,"Macinka hrozil prezidentovi, ale neměl nabito. S Okamurou vytřel podlahu a Babišovi přivodil další trauma"
reflex_c9943bef,https://www.reflex.cz/clanek/komentare/129141/donald-trump-v-domneni-ekonomickeho-genia-oslabuje-roli-usa-na-geopolitickem-poli.html,Reflex,2025-02-28,P,Donald Trump v domnění ekonomického génia oslabuje roli USA na geopolitickém poli
reflex_bedcdd09,https://www.reflex.cz/clanek/analyza/133719/polymarket-sazkovy-web-ktery-predpovida-trumpovo-vitezstvi-i-hladomor-v-gaze.html,Reflex,2026-03-26,P,"Polymarket: Sázkový web, který předpovídá Trumpovo vítězství i hladomor v Gaze"
reflex_c4a25951,https://www.reflex.cz/clanek/divoky-kacer/132166/v-odtajnenem-dopise-od-masaryka-byl-vzkaz-lidem-aby-nevolili-fialu-tvrdi-okamura.html,Reflex,2025-09-24,P,"V odtajněném dopise od Masaryka byl vzkaz lidem, aby nevolili Fialu, tvrdí Okamura"
reflex_50e5d7ba,https://www.reflex.cz/clanek/komentare/131697/hypoteky-uz-moc-nezlevni-duvodem-jsou-emisni-povolenky-a-obavy-z-dalsiho-zadluzovani-statu.html,Reflex,2025-08-24,P,Hypotéky už moc nezlevní. Důvodem jsou emisní povolenky a obavy z dalšího zadlužování státu
reflex_0e98a3ef,https://www.reflex.cz/clanek/radce/131330/zapomente-na-sporici-ucty-hitem-je-stavebni-sporeni.html,Reflex,2025-07-30,P,"Zapomeňte na spořicí účty, hitem je stavební spoření!"
reflex_4fb4356e,https://www.reflex.cz/clanek/komentare/130480/proc-nas-ceka-dalsi-zdrazovani-letos-si-spotrebitele-priplati-za-mlekarenske-vyrobky.html,Reflex,2025-06-02,P,Proč nás čeká další zdražování? Letos si spotřebitelé připlatí za mlékárenské výrobky
reflex_beed2965,https://www.reflex.cz/clanek/komentare/129842/armade-chybi-vic-lidi-nez-penize-personalni-nouzi-bez-hlubsi-reformy-nevyresi.html,Reflex,2025-04-17,P,Armádě chybí víc lidi než peníze. Personální nouzi bez hlubší reformy nevyřeší
reflex_e5926e41,https://www.reflex.cz/clanek/komentare/129696/ceny-vajec-se-utrhly-ze-retezu-ceka-letos-na-koledniky-netradicni-velikonocni-vysluzka.html,Reflex,2025-04-07,P,Ceny vajec se utrhly ze řetězu. Čeká letos na koledníky netradiční velikonoční výslužka?
reflex_8eba9e3b,https://www.reflex.cz/clanek/komentare/129681/co-neni-zakazane-je-povolene-skryte-volebni-koalice-ohybaji-zakon-staci-to.html,Reflex,2025-04-06,P,"Co není zakázané, je povolené. Skryté volební koalice ohýbají zákon. Stačí to?"
reflex_ec4ea640,https://www.reflex.cz/clanek/komentare/128502/fiala-i-babis-presluhuji-a-ztratili-duveru-je-cas-pro-nove-lidry.html,Reflex,2025-01-18,P,Fiala i Babiš přesluhují a ztratili důvěru. Je čas pro nové lídry
reflex_3c6fd488,https://www.reflex.cz/clanek/analyza/132133/mladi-volici-demokracii-nezatracuji-jen-se-neciti-dost-reprezentovani.html,Reflex,2025-10-02,P,"Mladí voliči demokracii nezatracují, jen se necítí dost reprezentovaní"
reflex_cde08a17,https://www.reflex.cz/clanek/radce/128863/co-vas-v-duchodu-potrapi-vic-zdravi-nebo-penize-cesi-maji-jasno.html,Reflex,2025-02-12,P,"Co vás v důchodu potrápí víc – zdraví, nebo peníze? Češi mají jasno"
42tcen_aa2c39cd,https://42tcen.com/entry/budil-k-utoku-v-pardubicich-vzestup-levicoveho-extremismu-je-priznakem-promeny-evropy,42tcen,2026-03-29,P,Budil k útoku v Pardubicích: Vzestup levicového extremismu je příznakem proměny Evropy
42tcen_28fd6f7f,https://42tcen.com/entry/vidlak-az-se-ukaze-kdo-doopravdy-plati-opozici-a-kolik-penez-na-to-vynaklada-to-bude-ficak,42tcen,2026-03-13,P,"Vidlák: Až se ukáže, kdo doopravdy platí opozici a kolik peněz na to vynakládá... to bude fičák"
42tcen_256aed37,https://42tcen.com/entry/uhrik-za-nasu-dobrotu-dostavame-od-ukrajiny-nevdacnost-a-niektori-politici-si-to-nevedia-uvedomit,42tcen,2026-02-20,P,"Uhrík: Za naši dobrotu dostávame od Ukrajiny nevděčnost, a někteří politici si to neuvědomují"
42tcen_3b123b8b,https://42tcen.com/entry/redova-migrace-se-pouziva-jako-demograficka-zaplata-nizka-porodnost-cechu-se-ale-neresi,42tcen,2026-01-16,P,Rédová: Migrace se používá jako demografická záplata. Nízká porodnost Čechů se ale neřeší
42tcen_4ad665fd,https://42tcen.com/entry/vidlak-az-prijde-bod-zlomu-bude-si-zelenskyj-prat-aby-tohle-nikdy-nerekl,42tcen,2026-01-24,P,"Vidlák: Až přijde bod zlomu, bude si Zelenskyj přát, aby tohle nikdy neřekl"
42tcen_80d1ee68,https://42tcen.com/entry/vidlak-do-zoldnerstvi-vede-cechy-kriminalni-minulost-ci-ziskuchtivost,42tcen,2025-12-05,P,Vidlák: Do žoldnéřství vede Čechy kriminální minulost či ziskuchtivost
42tcen_bfe64b4f,https://42tcen.com/entry/kyjev-diktuje-evrope-cr-nesmi-ustoupit-tvrdi-poslankyne-marikova,42tcen,2025-08-28,P,"Kyjev diktuje Evropě, ČR nesmí ustoupit, tvrdí poslankyně Maříková"
42tcen_ead18f74,https://42tcen.com/entry/plati-pro-ukrajince-jina-pravidla-nez-pro-cechy-marikova-varuje-pred-bagatelizaci-kriminality,42tcen,2025-08-13,P,Platí pro Ukrajince jiná pravidla než pro Čechy? Maříková varuje před bagatelizací kriminality
42tcen_a226102b,https://42tcen.com/entry/vidlak-o-blackoutu-dejte-tomu-tyden-a-ukaze-se-ze-za-to-muze-putin,42tcen,2025-07-04,P,"Vidlák o blackoutu: Dejte tomu týden a ukáže se, že za to může Putin"
42tcen_441b6877,https://42tcen.com/entry/vrabel-evropa-dnes-rozhodne-neni-osvobozena-od-fasismu-naopak,42tcen,2025-05-07,P,Vrabel: Evropa dnes rozhodně není osvobozena od fašismu. Naopak
42tcen_0efb7121,https://42tcen.com/entry/budil-varuje-opakovani-ukrajinskeho-scenare-hrozi-i-v-moldavsku,42tcen,2025-04-18,P,Budil varuje: Opakování ukrajinského scénáře hrozí i v Moldavsku
42tcen_7a210329,https://42tcen.com/entry/vidlak-americane-zmenili-sve-zajmy-a-retoriku-pavel-instinktivne-chape-ze-by-si-je-nemel-nastvat,42tcen,2025-02-24,P,"Vidlák: Američané změnili své zájmy a rétoriku, Pavel instinktivně chápe, že by si je neměl naštvat"
42tcen_0e04be68,https://42tcen.com/entry/konecna-fialova-vlada-chce-abychom-zbrojarum-cpali-astronomicke-castky-nedovedu-si-to-predstavit,42tcen,2025-01-22,P,"Konečná: Fialova vláda chce, abychom zbrojařům cpali astronomické částky. Nedovedu si to představit"
cz24_986b3213,https://cz24.news/ukrajina-prestala-existovat-prohlasil-byvaly-ukrajinsky-velitel/,cz24news,2025-01-01,P,Ukrajina „přestala existovat“ – prohlásil bývalý ukrajinský velitel
cz24_69170d86,https://cz24.news/eu-hrozi-financni-kolaps-kvuli-zastaveni-dodavky-ruskeho-plynu-pres-ukrajinu/,cz24news,2025-01-02,P,EU hrozí finanční kolaps kvůli zastavení dodávky ruského plynu přes Ukrajinu
cz24_4bd92dc2,https://cz24.news/kdybys-byl-silencem-ktery-by-chtel-ovladnout-svet-jak-bys-to-udelal-ai-radi-jak-na-to/,cz24news,2025-01-02,P,"Kdybys byl šílencem, který by chtěl ovládnout svět, jak bys to udělal? AI radí, jak na to."
cz24_d27a3d56,https://cz24.news/milos-zeman-fialova-vlada-se-boji-svych-obcanu-video/,cz24news,2025-01-03,P,Miloš Zeman: Fialova vláda se bojí svých občanů
cz24_cb345955,https://cz24.news/zakazte-vedcum-rikat-ze-sankce-na-rusko-nefunguji-ekonom-zasel-o-kus-dal/,cz24news,2025-01-04,P,"„Zakažte vědcům říkat, že sankce na Rusko nefungují.“ Ekonom zašel o kus dál"
cz24_5290d2cb,https://cz24.news/sny-o-zelene-energii-se-hrouti-velke-spolecnosti-hazi-zpatecku-protoze-obnovitelne-zdroje-celi-tvrde-realite/,cz24news,2025-01-05,P,"Sny o zelené energii se hroutí: Velké společnosti hází zpátečku, protože obnovitelné zdroje čelí tvrdé realitě"
cz24_4175220d,https://cz24.news/senzace-migranti-pachaji-6krat-vice-trestnych-cinu-nez-nemci-udaje-z-nemecka/,cz24news,2025-01-15,P,Senzace? Migranti páchají 6krát více trestných činů než Němci – údaje z Německa
cz24_2a015c40,https://cz24.news/poplach-pre-nemecku-ekonomiku-az-tolko-studentov-chce-emigrovat-z-nemecka/,cz24news,2025-01-17,P,Poplach pro německou ekonomiku — až tolik studentů chce emigrovat z Německa
cz24_28e28ef9,https://cz24.news/dalsia-rana-pre-ukrajinskych-lobistov/,cz24news,2025-01-18,P,Další rána pro ukrajinské lobisty
cz24_3fc72e48,https://cz24.news/ucty-za-energie-budou-zas-o-neco-vyssi-nove-povolenky-dopadnou-na-ceske-domacnosti-i-ridice/,cz24news,2025-02-10,P,Účty za energie budou zas o něco vyšší. Nové povolenky dopadnou na české domácnosti i řidiče
cz24_3fa50352,https://cz24.news/fiala-se-chlubil-nizkou-inflaci-neproslo-mu-to/,cz24news,2025-05-01,P,Fiala se chlubil nízkou inflací. Neprošlo mu to
cz24_d4363429,https://cz24.news/zprava-britskeho-institutu-rusi-sokovala-zapad-ruske-letectvo-diky-specialni-operaci-nejbojeschopnejsi-na-planete/,cz24news,2026-01-16,P,Zpráva britského institutu  šokovala Západ: Ruské letectvo díky speciální operaci nejbojeschopnější na planetě!
cz24_f1dd11d3,https://cz24.news/pavel-dudr-eu-pripravuje-novy-holocaust/,cz24news,2026-02-21,P,Pavel Dudr: EU připravuje nový holocaust?
protiproud_68fad2e6,https://protiproud.info/velikonoce-jako-zlomovy-bod-v-nasich-zivotech-krestanstvi-vede-k-zivotu-zatimco-vse-ostatni-vede-ke-smrti-kriz-je-znamenim-spasy-krestanstvi-je-pravda-zatimco-vse-ostatni-je-lez-jsme-li/,Protiproud,2026-04-03,P,Zlomový bod: Desítky tisíc převážně mladých lidí se brzy stanou křesťany.
protiproud_dece55b7,https://protiproud.info/velka-madarska-bitva-i-vlada-politickych-velikanu-jako-je-orban-jednou-konci-prekazel-evropskym-elitam-ikona-evropskeho-konzervativismu-padla-ale-my-jdeme-dal-nenavist-z-kyjeva-i-z-brus/,Protiproud,2026-04-14,P,Ikona evropského konzervativismu padla: Jdeme dál.
protiproud_dd67a9a7,https://protiproud.info/zmatek-dosahuje-vrcholu-blekota-jako-za-covidu-sedm-statecnych-riskuje-lipanek-by-rad-lipany-porad-se-nic-nedeje-jsou-i-jine-zbrane-nez-jaderne-zasadni-otazkou-je-vypalne-dokazeme-rici-/,Protiproud,2026-03-08,P,Zmatek dosahuje vrcholu: Blekota jako za covidu
protiproud_8296c3ed,https://protiproud.info/bio-jen-nalepka-duvera-jen-iluze-na-stole-lezi-chleb-v-nem-stopa-jedu-v-laboratori-cisla-v-regalech-pohadky-kdo-nas-skutecne-krmi-sedlak-nebo-chemie-a-kdo-nese-odpovednost-kdyz-se-pravd/,Protiproud,2026-02-22,P,Bio je často jen klamná nálepka.
protiproud_2b0b124d,https://protiproud.info/nejdulezitejsi-volby-v-eu-tak-to-tvrdi-brusel-madarsko-ma-rozhodnout-o-vsem-o-moci-o-poslusnosti-o-penezich-o-valce-o-migraci-o-tom-kdo-smi-vyhrat-kdo-ma-dostat-podporu-a-kdo-trest-demo/,Protiproud,2026-02-10,P,Nejdůležitější volby v EU: Maďarsko má prý rozhodnout o všem.
protiproud_42947cf0,https://protiproud.info/evropa-ve-slepe-ulicce-bankrot-partnerstvi-eu-s-trumpem-volba-strategicke-samoty-moralni-bankrot-a-naivni-odhad-valky-s-moskvou-sen-o-ziskani-ruskych-zdroju-se-rozplyva-bruselske-zvire/,Protiproud,2026-02-09,P,Evropa ve slepé uličce: Volba strategické samoty.
protiproud_13e07b82,https://protiproud.info/demony-posedla-ai-jako-hrozba-pro-lidstvo-volani-vedcu-po-zastaveni-vyzkumu-umele-inteligence-ochota-znicit-odbojne-datove-centrum-bombardovanim-rodi-se-armada-terminatoru-ai-muze-znici/,Protiproud,2026-01-22,P,Démony posedlá AI jako hrozba pro lidstvo
protiproud_fdbd8f4b,https://protiproud.info/teroriste-pripravuji-nemecko-na-valku-s-ruskem-ekologicti-aktiviste-udajne-zautocili-na-berlinskou-energetickou-infrastrukturu-a-45-tisic-domacnosti-mrzne-ve-tme-teroristicka-akce-stude/,Protiproud,2026-01-09,P,Otazníky nad Berlínem: Operace pod falešnou vlajkou?
protiproud_26ec1050,https://protiproud.info/adventni-vybuch-jako-vzdy-kdyz-to-kazdy-nejmene-ceka-zunova-tiskovka-jako-rozbuska-doufani-smetenych-se-naplnuje-uz-i-certik-vyskocil-z-krabicky-roztrzka-zablesknuti-boure-co-by-mohlo-n/,Protiproud,2025-12-30,P,"Adventní výbuch: Jako vždy, když to každý nejméně čeká."
protiproud_f6b601df,https://protiproud.info/neuveritelne-ale-vsechno-muze-byt-jinak-poleti-bibi-z-kola-ven-zlomene-spojenectvi-a-urazena-ega-konec-jedne-ery-jsou-saudi-dulezitejsi-nez-izrael-kdo-ale-vlastne-dnes-taha-za-nitky-na-/,Protiproud,2025-05-16,P,"Neuvěřitelné, ale všechno může být jinak."
protiproud_8c26fba1,https://protiproud.info/rodime-cim-dal-mene-narod-se-vytraci-misto-deti-prichazi-ideologie-rozvrat-a-nahrazky-neni-uz-pozde-na-obrat-kdo-nas-nahradi-kdyz-sami-mizime-nejvyssi-cas-se-zamyslet-devianti-to-nespra/,Protiproud,2025-04-17,P,Národ se vytrácí. Rodíme čím dál méně.
protiproud_7c88edf5,https://protiproud.info/co-skutecne-nici-evropu-eu-ztrata-kontroli-nad-vlastnim-lhanim-cenzorska-anarchie-evropsky-parlament-korumpovany-islamisty-potemkinovska-demokracie-v-plne-parade-pocit-odcizeni-u-nas-vs/,Protiproud,2025-02-20,P,Co skutečně ničí Evropu?
protiproud_36aac5dc,https://protiproud.info/globalni-manipulace-chripka-i-covid-produktem-farmabyznysu-vzacne-onemocneni-bez-vetsiho-rizika-kazdorocni-podvod-s-nefunkcnimi-vakcinami-pricina-nemoci-ve-vyzive-co-nam-skutecne-nici-z/,Protiproud,2025-02-02,P,Uznávané lékařské kapacity tvrdí: Chřipka i covid jsou pouze produktem farmabyznysu.
seznam_3b35c657,https://www.seznamzpravy.cz/clanek/ekonomika-finance-amerika-prichazi-o-posledni-centy-doslova-290734,SeznamZpravy,2025-11-07,F,Amerika přichází o poslední centy. Doslova
novinky_507fac36,https://www.novinky.cz/clanek/ekonomika-inflace-klesla-40551799,Novinky,2025-12-04,F,Inflace v Česku klesla
cnnprima_1a06aa0f,https://cnn.iprima.cz/evropa-trpi-unavou-z-trumpa-co-putin-skutecne-chce-469600,CNNPrima,2025-03-22,F,"Evropa trpí únavou z Trumpa, konec války na Ukrajině se nekoná. Co Putin skutečně chce?"
blesk_1c338988,https://www.blesk.cz/clanek/zpravy-politika/836055/valka-v-iranu-drancuje-penezenky-cechu-zdrazi-jidlo-a-bydleni-krize-dopada-i-na-stavby.html,Blesk,2026-03-27,F,Válka v Íránu drancuje peněženky Čechů: Zdraží jídlo a bydlení! Krize dopadá i na stavby
blesk_322e654a,https://www.blesk.cz/clanek/zpravy-politika/830601/po-ikem-si-chteli-mastit-kapsy-i-v-olomouci-a-brne-dalsi-vyhozene-miliony.html,Blesk,2026-01-10,F,Po IKEM si chtěli mastit kapsy i v Olomouci a Brně. Další vyhozené miliony.
blesk_0ce1295a,https://www.blesk.cz/clanek/zpravy-politika/827201/plan-babisovy-koalice-omezit-dovoz-cechum-zdrazi-jidlo-je-to-cesta-do-pekel-rika-prouza.html,Blesk,2025-12-02,F,Plán Babišovy koalice omezit dovoz. Čechům zdraží jídlo.
blesk_43f5f09b,https://www.blesk.cz/clanek/zpravy-krimi/804517/masakru-na-slovenskem-gymnaziu-se-dalo-zabranit-policie-selhala.html,Blesk,2025-01-21,F,Masakru na slovenském gymnáziu se dalo zabránit. Policie selhala.
reflex_24eac431,https://www.reflex.cz/clanek/padni-komu-padni/134949/taha-prezident-za-kratsi-konec-ustavy-nez-macinka-divoka-kohabitace-poskozuje-zajmy-ceska.html,Reflex,2026-04-14,F,Tahá prezident za kratší konec Ústavy než Macinka? Divoká kohabitace poškozuje zájmy Česka
reflex_f902606c,https://www.reflex.cz/clanek/padni-komu-padni/133583/okamura-v-nechutnem-projevu-pozval-zpet-sudetske-nemce-bori-trump-svetovy-rad.html,Reflex,2026-01-05,F,Okamura v nechutném projevu pozval zpět sudetské Němce. Boří Trump světový řád?
reflex_b17ad58f,https://www.reflex.cz/clanek/tema/130290/svet-vlezl-do-cinskeho-chomoutu-kam-az-asijska-velmoc-zajde-ve-snaze-ovladnout-svet.html,Reflex,2025-05-25,F,Svět vlezl do čínského chomoutu. Kam až asijská velmoc zajde ve snaze ovládnout svět?
reflex_ee536e76,https://www.reflex.cz/clanek/komentare/129500/dalsi-ponizeni-usa-bezpecnostni-kanaly-americke-vlady-jsou-derave-jako-usta-stare-zeny.html,Reflex,2025-03-25,F,Další ponížení USA. Bezpečnostní kanály americké vlády jsou děravé jako ústa staré ženy
42tcen_c316ac5e,https://42tcen.com/entry/prokurator-a-znalec-uz-vopred-rozhodli-o-vine-slota-o-politickom-procese-proti-kollarovi,42tcen,2026-04-06,F,Prokurátor a znalec už dopředu rozhodli o vině. Slota o politickém procesu proti Kollárovi
42tcen_68794089,https://42tcen.com/entry/brusel-je-spolupachatelom-kyjeva-a-vysmieva-sa-nam-do-oci-blaha-o-utokoch-na-infrastrukturu,42tcen,2026-04-13,F,Brusel je spolupachatelem Kyjeva a vysmívá sa nám do očí. Blaha o útocích na infrastrukturu
42tcen_e300eabf,https://42tcen.com/entry/jadrove-zbrane-pre-ukrajinu-zelenskyj-je-ochotny-urobit-cokolvek-v-zaujme-udrzania-sa-pri-moci,42tcen,2026-03-02,F,Jaderné zbraně pro Ukrajinu? Zelenskyj je ochotný udělat cokoliv v zájmu udržení se při moci
42tcen_55c66466,https://42tcen.com/entry/tato-jedna-veta-spustila-ruskou-vojenskou-operaci-kotrba-k-planum-ukrajiny-ohledne-jadernych-zbrani,42tcen,2026-02-24,F,Tato jedna věta spustila ruskou vojenskou operaci. Kotrba k plánům Ukrajiny ohledně jaderných zbraní
42tcen_94e0f41e,https://42tcen.com/entry/zahranicni-pracovnici-snizuji-mzdy-a-berou-praci-cechum-dolezal-o-pricinach-nezamestnanosti,42tcen,2026-02-13,F,Zahraniční pracovníci snižují mzdy a berou práci Čechům. Doležal o příčinách nezaměstnanosti
42tcen_9be7d536,https://42tcen.com/entry/politicke-rozhodnuti-eurofasistu-aby-v-eu-fyzicky-chybel-plyn-stepan-k-zakazu-energii-z-ruska,42tcen,2026-01-29,F,"Politické rozhodnutí Eurofašistů, aby v EU fyzicky chyběl plyn. Štěpán k zákazu energií z Ruska"
42tcen_01d87ce3,https://42tcen.com/entry/lide-z-mensich-obci-budou-mit-horsi-pristup-k-akutni-peci-marikova-rekla-co-zmena-zakona-vyzaduje,42tcen,2025-12-26,F,Lidé budou mít horší přístup k akutní péči. Maříková ke změně zákona.
42tcen_d501b693,https://42tcen.com/entry/prazska-pronemecka-politika-prosazuje-revizi-dejin-musil-o-moznem-sjezdu-sudetskych-nemcu-v-brne,42tcen,2025-11-21,F,Pražská proněmecká politika prosazuje revizi dějin. Musil o možném sjezdu sudetských Němců v Brně
42tcen_1d2421fd,https://42tcen.com/entry/bytova-nouze-je-nasledkem-katastrofalni-politiky-fialovy-vlady-dolezal-uvedl-kroky-k-naprave,42tcen,2025-10-14,F,Bytová nouze je následkem katastrofální politiky Fialovy vlády. Doležal uvedl kroky k nápravě
42tcen_30dafc97,https://42tcen.com/entry/fiala-a-spol-programove-stvou-lidi-proti-sobe-v-presvedceni-ze-to-posili-jejich-vysledek-u-voleb,42tcen,2025-09-06,F,"Fiala a spol. programově štvou lidi proti sobě. V přesvědčení, že to posílí jejich výsledek u voleb"
42tcen_3228edf2,https://42tcen.com/entry/cesti-farmari-na-kolenou-stat-poslusne-podleha-bruselu,42tcen,2025-09-02,F,Čeští farmáři na kolenou. Stát poslušně podléhá Bruselu
42tcen_34c68f20,https://42tcen.com/entry/brusel-zasahuje-do-ceskych-voleb-katerina-konecna-odhaluje-volt,42tcen,2025-08-20,F,Brusel zasahuje do českých voleb. Kateřina Konečná odhaluje Volt
42tcen_4896cd44,https://42tcen.com/entry/armada-cr-vyuziva-sve-zdroje-k-politickym-ucelum-turonova-varuje-pred-manipulaci-s-volbami,42tcen,2025-08-11,F,Armáda ČR využívá své zdroje k politickým účelům. Turoňová k manipulací s volbami
42tcen_2ab2788a,https://42tcen.com/entry/nastupuje-ideologicka-slepota-a-ucelovy-revizionismus-zieba-o-odstraneni-pamatniku-v-litomericich,42tcen,2025-06-17,F,Nastupuje ideologická slepota a účelový revizionismus. Zieba o odstranění památníku v Litoměřicích
42tcen_0daa7130,https://42tcen.com/entry/evropa-chce-vyprovokovat-rusko-k-brutalni-odplate-sterzik-k-teroristickym-utokum-na-zeleznicich,42tcen,2025-06-05,F,Evropa chce vyprovokovat Rusko k brutální odplatě. Sterzik k teroristickým útokům na železnicích
42tcen_c8ddc872,https://42tcen.com/entry/cr-podporuje-vsechny-jen-ne-sve-zemedelce-jandejsek-vi-kam-muze-ukrajina-vyvazet-obili-bez-cla,42tcen,2025-05-26,F,"ČR podporuje všechny, jen ne své zemědělce. Jandejsek ví, kam může Ukrajina vyvážet obilí bez cla"
42tcen_8b52622b,https://42tcen.com/entry/opozici-tentokrat-umlcet-nepujde-falsovani-korespondencnich-hlasu-cekat-muzeme-hampl-k-volbam,42tcen,2025-05-20,F,Opozici tentokrát umlčet nepůjde. Falšování korespondenčních hlasů čekat můžeme. Hampl k volbám
42tcen_6884a2ef,https://42tcen.com/entry/vlada-sni-o-valce-s-ruskem-ale-neni-schopna-ani-dezinfikovat-auta-na-hranicich-vidlak-k-nakaze,42tcen,2025-04-04,F,"Vláda sní o válce s Ruskem, ale není schopna ani dezinfikovat auta na hranicích. Vidlák k nákaze"
42tcen_086a402f,https://42tcen.com/entry/vlada-nema-poneti-jak-funguje-zemedelstvi-rozdava-dotace-tem-kteri-nic-neprodukuji-kvuli-hlasum,42tcen,2025-04-18,F,"Vláda nemá ponětí, jak funguje zemědělství. Rozdává dotace těm, kteří nic neprodukují, kvůli hlasům"
42tcen_4c978f61,https://42tcen.com/entry/staty-eu-chteji-valcit-do-posledniho-eura-danovych-poplatniku-paroubek-ke-vzdorosummitu-v-parizi,42tcen,2025-02-20,F,Státy EU chtějí válčit do posledního eura daňových poplatníků. Paroubek ke „vzdorosummitu” v Paříži
42tcen_207c5f2b,https://42tcen.com/entry/ustavni-soud-jiz-jedny-volby-znicil-jeho-spojeni-s-tajnymi-sluzbami-je-nebezpecne-varuje-pravnik,42tcen,2025-01-30,F,"Ústavní soud již jedny volby zničil. Jeho spojení s tajnými službami je nebezpečné, varuje právník"
cz24_88e84a72,https://cz24.news/novy-prumysl-kultu-smrti-kanada-vas-zabije-zdarma-abyste-mohli-dustojne-zemrit/,cz24news,2026-03-11,F,"Nový průmysl kultu smrti. Kanada vás usmrtí zdarma, abyste mohli „důstojně zemřít”"
cz24_5087251c,https://cz24.news/jak-se-usa-pokusily-nahradit-mezinarodni-pravo-svym-vlastnim-zvracenym-vytvorem/,cz24news,2025-01-01,F,Jak se USA pokusily nahradit mezinárodní právo svým vlastním zvráceným výtvorem
cz24_9406462f,https://cz24.news/proc-zapad-vytvari-mytus-o-hrozicim-utoku-ruska/,cz24news,2025-01-04,F,Proč Západ vytváří mýtus o hrozícím „útoku“ Ruska?
cz24_f8a55410,https://cz24.news/premier-starmer-jeste-jako-statni-zastupce-zaviral-oci-pred-pedofilii/,cz24news,2025-01-04,F,"Premiér Starmer, ještě jako státní zástupce zavíral oči před pedofilií"
cz24_b841128e,https://cz24.news/amerika-hori-v-ohni-marnosti-chamtivosti-a-pokrytectvi/,cz24news,2025-01-13,F,"Amerika hoří v ohni marnosti, chamtivosti a pokrytectví"
cz24_605765d9,https://cz24.news/proc-chce-trumpuv-tym-svrhnout-britskou-vladu/,cz24news,2025-01-16,F,Proč chce Trumpův tým svrhnout britskou vládu?
cz24_111c95f5,https://cz24.news/jsme-ve-valce-a-vetsina-z-nas-to-ani-nevi/,cz24news,2025-02-04,F,Jsme ve válce a většina z nás to ani neví
cz24_a8e1cf95,https://cz24.news/bezne-chemicke-latky-v-samponech-souviseji-s-poskozenim-mozku-u-deti/,cz24news,2025-04-27,F,Běžné chemické látky v šamponech souvisejí s poškozením mozku u dětí
cz24_d2a29266,https://cz24.news/evropa-byla-jen-sekundy-od-totalniho-blackoutu-katastrofalni-selhani-zelene-dohody-odhaleno/,cz24news,2025-05-01,F,Evropa byla jen sekundy od totálního blackoutu: katastrofální selhání „Green Dealu“ odhaleno!
cz24_bfac4630,https://cz24.news/eu-sikanuje-madarsko-na-rade-je-slovensko/,cz24news,2025-05-29,F,"EU šikanuje Maďarsko, na řadě je Slovensko"
cz24_5ff61740,https://cz24.news/chemoterapie-reaktivuje-spici-rakovinne-bunky-a-spousti-metastazy/,cz24news,2025-07-25,F,Chemoterapie reaktivuje spící rakovinné buňky a spouští metastázy
cz24_cc02646d,https://cz24.news/hysterie-a-lavina-fake-news-evrope-zustala-posledni-nadeje/,cz24news,2025-08-15,F,Hysterie a lavina fake news: Evropě zůstala poslední naděje
cz24_0749f145,https://cz24.news/ukrajina-sa-stala-vojenskym-treningovym-cviciskom-pre-latinskoamericke-drogove-kartely/,cz24news,2025-12-27,F,Ukrajina sa stala vojenským tréningovým cvičiskom pre latinskoamerické drogové kartely
cz24_0c6535e4,https://cz24.news/eu-nevyviji-jen-parazituje/,cz24news,2025-12-31,F,EU nevyvíjí – jen parazituje
cz24_d7a2d387,https://cz24.news/sokujici-oznameni-trump-se-rozhodl-aktivovat-clanek-5-nato-zacina-valka-s-touto-zemi-armadu-budou-muset-nalehave-vyslat-k-hranici/,cz24news,2026-01-24,F,Šokující oznámení! Trump se rozhodl aktivovat článek 5 NATO: Začíná válka s touto zemí?! Armádu budou muset naléhavě vyslat k hranici…
cz24_a61472e2,https://cz24.news/farmaceuticky-skandal-statiny-na-cholesterol-jsou-k-nicemu-pilulky-se-nerozpousteji-kapsle-jsou-slabe-pacienti-v-nebezpeci-infarktu/,cz24news,2026-02-06,F,"Farmaceutický skandál! Statiny na cholesterol jsou k ničemu! Pilulky se nerozpouštějí, kapsle jsou slabé! Pacienti v nebezpečí infarktu!"
cz24_d817bf9e,https://cz24.news/v-usa-vyvinuli-alphagenome-ai-program-ktery-edituje-dna-a-muze-prodlouzit-zdravy-zivot-o-20-40-let-a-vytvorit-supersoldaty-testy-na-mysich-uspesne-u-lidi-brzy-vladimir-prokhvati/,cz24news,2026-02-15,F,"V USA vyvinuli AlphaGenome – AI program, který edituje DNA a může prodloužit zdravý život o 20–40 let a vytvořit supersoldáty. Testy na myších úspěšné, u lidí brzy."
cz24_0c6f73d5,https://cz24.news/mrtvi-na-nahradni-dily-vynosny-obchod-s-lidskymi-organy-na-ukrajine-video/,cz24news,2026-02-27,F,Mrtví na náhradní díly. Výnosný obchod s lidskými orgány na Ukrajině
cz24_79cb196c,https://cz24.news/sokujici-zvrat-iranska-raketova-boure-na-izrael-usa-bez-munice-izrael-chysta-riskantni-utok-ekonomika-na-pokraji-kolapsu/,cz24news,2026-03-11,F,"Šokující zvrat! Íránská raketová bouře na Izrael, USA bez munice – Izrael chystá riskantní útok, ekonomika na pokraji kolapsu!"
cz24_72bb49a5,https://cz24.news/jidlo-v-evrope-nebude-zato-zbrane-ano/,cz24news,2026-03-13,F,Jídlo v Evropě nebude – zato zbraně ano…
cz24_dce32a82,https://cz24.news/eu-pod-vedenim-choromyselnych-rusofobnych-blaznov/,cz24news,2026-03-15,F,EÚ pod vedením choromyseľných rusofóbnych bláznov
cz24_77bb0301,https://cz24.news/drasticka-videa-neuveritelna-hrozba-jadernym-uderem-rusko-odpovida-tohle-neni-zadna-kouzelna-hulka-ale-masakr-ruske-vojsko-drti-ukrajinu-a-spaluje-vse-zive-18-videi/,cz24news,2026-03-16,F,"DRASTICKÁ VIDEA: Neuvěřitelná hrozba jaderným úderem! Rusko odpovídá: tohle není žádná kouzelná hůlka, ale masakr – ruské vojsko drtí Ukrajinu a spaluje vše živé!"
cz24_173c741b,https://cz24.news/britanie-na-kolenou-rusko-ztraci-historickeho-nepritele/,cz24news,2026-04-04,F,Británie na kolenou – Rusko ztrácí historického nepřítele
cz24_e1c824e3,https://cz24.news/trumpovo-primeri-prislo-prilis-pozde-usa-utrpely-ohromujici-ztraty/,cz24news,2026-04-12,F,Trumpovo příměří přišlo příliš pozdě: USA utrpěly ohromující ztráty.
protiproud_ef5d26da,https://protiproud.info/nehlasujes-spravne-zaplatis-kohouty-se-zavrou-vlada-se-sesype-orban-odepsan-zazlobila-sofie-uz-se-brousi-noze-kolik-statu-musi-jeste-narazit-nez-to-dojde-vsem-2/,Protiproud,2026-04-22,F,"Nehlasuješ správně: Demokraticky tě zničíme! Kohouty zavřeme, vládu zlikvidujeme."
protiproud_8fd5394c,https://protiproud.info/pred-nami-krize-jaka-tu-jeste-nebyla-bez-navratu-penize-mizi-zasoby-konci-zadna-pauza-zadne-zpozdeni-jen-pad-media-lzou-jako-kdysi-lhala-ta-sovetska-covid-byl-jen-trenink-rozpad-v-prime/,Protiproud,2026-04-18,F,"Před námi krize, jaká tu ještě nebyla: Bez návratu. Peníze mizí. Zásoby končí."
protiproud_1fc7fb9a,https://protiproud.info/svet-se-lame-duse-mrznou-valky-zrada-osamelost-a-ticho-kostelu-stat-nabizi-smrt-namisto-ochrany-zapad-hori-a-lide-mlci-rodiny-se-rozpadaji-deti-mizi-vira-slabne-kolik-bolesti-jeste-unes/,Protiproud,2026-04-06,F,"Svět se láme, duše mrznou: Války, zrada, osamělost a ticho kostelů. Stát nabízí smrt namísto ochrany. Západ padá a lidé mlčí."
protiproud_2dfe01f7,https://protiproud.info/brusel-radi-nejezdete-neletejte-budte-potichu-nova-ctnost-stat-na-miste-a-nic-nechtit-pokrok-naruby-svoboda-jako-problem-energie-draha-tak-se-proste-nehybejte-kdo-za-to-muze-a-opravdu-m/,Protiproud,2026-04-03,F,"Brusel se už úplně pominul: Nejezděte, nelétejte, buďte potichu."
protiproud_61feb266,https://protiproud.info/tichy-prevrat-civilizace-algoritmus-zadava-clovek-plni-elity-prikyvuji-a-svet-tomu-rika-pokrok-velikonoce-proti-nove-modle-co-je-clovek-v-systemu-ktery-zna-jen-vykon-cenu-a-poslusnost-j/,Protiproud,2026-04-02,F,"Tichý převrat: Stroj zadává úkoly, člověk plní. Elity si mastí kapsy. Svět tomu říká pokrok."
protiproud_d1222082,https://protiproud.info/ukrajina-pripravuje-majdan-v-madarsku-opozice-vitezstvi-orbana-neuzna-zelensky-dela-magyarovi-medvedi-sluzbu-peter-ukrajinsky-a-terorista-magyar-bilboardy-s-kyjevskym-nackem-jsou-v-buda/,Protiproud,2026-03-23,F,Kyjev s Bruselem sní o Majdanu v Maďarsku: Že nejspíš Orbán volby vyhraje? No tak se to prostě neuzná!
protiproud_69931389,https://protiproud.info/brusel-jde-po-madarsku-znicit-orbana-znicit-orbana-skrti-dosah-zveda-poslusne-algoritmy-jako-bic-neziskovky-do-utoku-fakta-na-povel-hra-predem-psana-rumunsky-scenar-pripraven-dalsi-na-r/,Protiproud,2026-03-19,F,"Zběsilý Brusel před volbami v Maďarsku: Zničit Orbána, zničit Orbána! Cenzurují premiéra."
protiproud_64b43b28,https://protiproud.info/osn-potlacuje-kritiku-klimaticke-agendy-globaliste-chteji-porazit-popirace-klimaticka-zmena-je-lez-svedectvi-clenky-globalni-rady-wef-desiree-fixler-zevnitr-hnizda-zmiji-vy-prece-nemate/,Protiproud,2026-02-09,F,OSN potlačuje kritiku klimatické lži: Musíme zlikvidovat popírače!
protiproud_57ccb391,https://protiproud.info/spanelsko-pada-evropa-se-otevira-rozpadle-hranice-amnestie-pro-ilegaly-a-hrozba-masove-invaze-kdo-to-zastavi-kdyz-stat-couva-a-ploty-neexistuji-stredomori-uz-neni-hranici-2/,Protiproud,2026-02-05,F,Náhrada národů zažije další výbuch: Španělský tyran otevírá hranice pro ilegály.
protiproud_8e3fa38e,https://protiproud.info/nemecko-pada-evropa-se-diva-a-mlci-proc-ekonomika-se-hrouti-prumysl-krvaci-politici-tlaci-k-valce-lide-ztraceji-praci-i-budoucnost-komu-tim-slouzi-kdo-nas-zene-do-konfliktu-ktery-si-nep/,Protiproud,2025-12-11,F,"Německo ve volném pádu: Ekonomika se hroutí, průmysl krvácí. Lidé ztrácejí práci i budoucnost. Merz neví kudy kam, proto žene zemi k válce."
protiproud_14ae5a16,https://protiproud.info/evropska-unie-a-jeji-cesti-vazalove-valecni-stvaci-usiluji-o-pokracovani-valky-na-ukrajine-o-suverenitu-kyjeva-maji-starost-ale-o-tu-ceskou-se-nezajimaji-cr-se-stala-protektoratem-bruse/,Protiproud,2025-12-02,F,Čeští vazalové Bruselu: Válka na Ukrajině musí pokračovat! Už jsme zase protektorátem.
protiproud_3c91bad2,https://protiproud.info/zapad-prohral-s-ruskem-dalsi-valku-je-konec-oznamil-trump-na-ruske-jaderne-nosice-usa-nemaji-ukazalo-se-ze-ani-cele-nato-nepokori-srdce-sveta-evropsti-pinclici-se-budou-jeste-chvili-cuk/,Protiproud,2025-11-24,F,Západ prohrál s Ruskem další válku
protiproud_be0ecd60,https://protiproud.info/liberalni-cunata-bojuji-o-preziti-hon-na-turka-a-svinstvo-sorosova-deniku-n-hra-na-city-po-zfalsovane-zprave-s-cikanskou-popalenou-holcickou-prezident-kolar-neziskovky-a-cela-kulturni-a/,Protiproud,2025-10-17,F,Liberální hyeny bojují o přežití: Hon na Turka a svinstvo Sorosova Deníku N.
protiproud_9265d060,https://protiproud.info/zfalsovane-volby-v-moldavsku-bruselska-diktatura-a-jeji-domaci-kolaboranti-dosahly-udajne-50-procent-pruzkumy-jim-davaly-tretinu-znemoznily-ucast-dvema-opozicnim-stranam-byl-podobny-sce/,Protiproud,2025-09-29,F,Zfalšované volby v Moldavsku: Bruselská diktatura a její domácí kolaboranti dosáhly údajně 50 procent. Průzkumy jim dávaly třetinu. Byl podobný scénář připraven i pro nás?
protiproud_90842cf0,https://protiproud.info/who-uz-zakazuje-zemedelstvi-aby-zachranila-planetu-globaliste-chteji-nahradit-chleba-cervy-syry-kobylkami-a-maso-brouky-je-to-ochrana-klimatu-nebo-likvidace-lidstva-a-proc-se-mlci-o-hla/,Protiproud,2025-09-13,F,"Už do toho jdou natvrdo: Každý den umře ve světě hlady 20 000 lidí. Přesto ""zdravotníci"" s Davosem chtějí zakázat tradiční zemědělství."
protiproud_16b06a18,https://protiproud.info/v-cinskem-tchien-tinu-byly-polozeny-zaklady-noveho-usporadani-sveta-sledujeme-nejvetsi-geopoliticke-zmeny-za-poslednich-sto-let-bumerang-ktery-zapad-vrhl-smerem-k-rusku-se-vraci-prijme-/,Protiproud,2025-09-02,F,"Byly v čínském Tchien-ťinu právě položeny základy nového uspořádání světa? Přijme Západ nová pravidla, nebo vyvolá jadernou válku?"
protiproud_1581c753,https://protiproud.info/blackout-neni-nahoda-je-to-plan-nekdo-testuje-kdy-zhasnout-cesko-ma-slaba-mista-vime-kde-staci-vypnout-par-bodu-a-republika-padne-ticho-tma-chaos-a-pak-prijde-zachrana-ale-nebude-zadarm/,Protiproud,2025-07-05,F,"Blackout není náhoda: Je to plán? Někdo testuje, kdy zhasnout. Česko má slabá místa. Stačí vypnout pár bodů – a republika padne."
protiproud_bbc36d89,https://protiproud.info/vladne-nam-mafie-neuveritelne-a-strasidelne-zaroven-fialovo-divadlo-s-obcany-ma-decroix-dozamest-kauzy-kampelicku-a-dozimetr-vlastizradne-elity-uz-davno-ztratily-zabrany-kdo-vsechno-se-/,Protiproud,2025-06-12,F,Vládne nám mafie: Neuvěřitelné a strašidelné zároveň. Vlastizrádné elity už dávno ztratily zábrany.
protiproud_b09a6659,https://protiproud.info/prohnila-unie-volis-spatne-tak-volit-nebudes-opozice-pod-kladivem-soudy-misto-uren-zijeme-v-rizene-iluzi-svobody-bude-fraska-pokracovat-strach-z-pravdy-nejen-ve-francii/,Protiproud,2025-04-10,F,Prohnilá unie: Volíš špatně? Tak volit nebudeš!
protiproud_c56833ac,https://protiproud.info/bruselska-cenzurni-masinerie-unijni-narizeni-o-digitalnich-sluzbach-dsa-jako-nastroj-k-omezeni-svobody-slova-sorosovske-neziskovky-tlaci-na-schvaleni-ves-snemovne-evropske-hodnota-a-jin/,Protiproud,2025-04-07,F,Cenzurní mašinérie jede naplno: Nařízení Bruselu o digitálních službách (DSA) jako kladivo na svobodu slova.
protiproud_4a615d0c,https://protiproud.info/vase-uspory-uz-nebudou-vase-lejnova-chce-sahnout-do-kapes-obcanu-a-financovat-vlastni-plany-vcetne-nakupu-zbrani-kdo-ji-dal-pravo-rozhodovat-o-cizich-penezich-kam-az-loupez-pod-modrou-v/,Protiproud,2025-03-14,F,Naše úspory už nebudou naše: Lejnová se chystá drancovat nám kapsy a financovat vlastní plány. Včetně nákupů zbraní?
protiproud_67eae4ad,https://protiproud.info/volebni-podvody-v-nemecku-podivny-vysledek-vyvolava-otazky-manipulace-s-korespondencnimi-hlasy-ukradene-hlasy-sare-wagenknechtove-bsw-chybely-jen-desetinky-procent-aby-se-dostala-do-bun/,Protiproud,2025-03-01,F,"Německý volební zázrak: Není důležité, kdo volí, ale kdo hlasy počítá. Skouleli to, jak Bruselané potřebovali."
protiproud_5d5af0b4,https://protiproud.info/predseda-ustavniho-soudu-chce-zasahovat-do-demokratickych-voleb-soudce-baxa-a-jeho-zhrouble-mravy-v-pripade-ovlivnovani-kampane-by-pry-neodvracel-tvar-kdyz-to-dopadne-spatne-zasahneme-t/,Protiproud,2025-02-07,F,"Předseda ÚS míní zasahovat do výsledku voleb: Tedy jen v případě, že nezvítězí fialová mafie. To se Bruselu líbí. Že připravoval státní převrat?"
protiproud_beb0ad59,https://protiproud.info/satanske-praktiky-globalistu-alex-soros-soros-a-temny-pripad-diddyho-combse-nahravky-pedofilnich-orgii-jako-nastroj-vydirani-elit-z-washingtonu-manzelka-mladeho-sorose-a-okultni-ritualy/,Protiproud,2025-01-10,F,Satanské praktiky: Alex Soros a temný případ Diddyho Combse. Nahrávky pedofilních orgií jako nástroj vydírání washingtonských elit. Proč se bojí Hillary Clintonová odhalení?